Date,Close,High,Low,Open,Volume
,AAPL,AAPL,AAPL,AAPL,AAPL
2020-01-02,72.53850555419922,72.59888386623527,71.29229630932706,71.54588227171874,135480400
2020-01-03,71.83329010009766,72.59405542623057,71.60868452797844,71.76566667933918,146322800
2020-01-06,72.40567779541016,72.44432080433776,70.7030121336898,70.95418800651902,118387200
2020-01-07,72.06514739990234,72.67134068922641,71.84536944211234,72.41533721540509,108872000
2020-01-08,73.22441101074219,73.52630260685811,71.76808624589498,71.76808624589498,132079200
2020-01-09,74.77976989746094,74.97297760387046,73.95138098488776,74.20254952913984,170108400
2020-01-10,74.94882202148438,75.51396965111952,74.44647758118805,75.01403533204297,140644800
2020-01-13,76.55005645751953,76.57662675415311,75.14686472001775,75.26521125345613,121532000
2020-01-14,75.51637268066406,76.69737618985954,75.39320591637785,76.48726080979424,161954400
2020-01-15,75.19275665283203,76.19745295500711,74.76044574351113,75.31593080536074,121923600
2020-01-16,76.1346435546875,76.24574496948411,75.3738782015038,75.73614811924845,108829200
2020-01-17,76.97752380371094,76.97993392443253,76.07667669301796,76.38339587903954,137816400
2020-01-21,76.45586395263672,77.04756709065205,76.31819960849738,76.6056010131108,110843200
2020-01-22,76.7287826538086,77.28184283508286,76.6345889237427,76.94130817856995,101832400
2020-01-23,77.09828186035156,77.17797799443389,76.23366024847726,76.78190007438859,104472000
2020-01-24,76.87609100341797,78.08848500678306,76.68529344990502,77.34462735281411,146537600
2020-01-27,74.61553192138672,75.29659377968004,73.63257108817264,74.88360812840847,161940000
2020-01-28,76.72636413574219,76.89783652233591,75.39804092914581,75.49706227081296,162234000
2020-01-29,78.3324203491211,79.1801343637196,77.6175430675433,78.35899064388555,216229200
2020-01-30,78.2188949584961,78.27202816821715,76.98234829996913,77.41465908040864,126743200
2020-01-31,74.75078582763672,77.9315119457232,74.456139298992,77.50886365949354,199588400
2020-02-03,74.54548645019531,75.71199229580401,72.99014040911702,73.49248476536589,173788400
2020-02-04,77.00651550292969,77.197313069489,75.74581580955447,76.15155637582674,136616400
2020-02-05,77.63444519042969,78.43385354098093,77.03066200298008,78.13437206813377,118826800
2020-02-06,78.54251098632812,78.54492847701792,77.3470249882305,77.90491992808909,105425600
2020-02-07,77.47492980957031,78.29076000098544,76.98349458931148,78.04141124169928,117684000
2020-02-10,77.84290313720703,77.84290313720703,75.97884171109904,76.05872699723375,109348800
2020-02-11,77.37326049804688,78.4118136218486,77.15538413187909,78.33919062909048,94323200
2020-02-12,79.21070098876953,79.21554005883662,77.82354276759801,77.82354276759801,113730400
2020-02-13,78.64664459228516,78.97346286364416,78.27867575078193,78.48202753592008,94747600
2020-02-14,78.6659927368164,78.91534147799902,78.15760972810558,78.61514926442095,80113600
2020-02-18,77.22557067871094,77.40713550005586,76.16280771158402,76.34437253292894,152531200
2020-02-19,78.3440170288086,78.57400211516978,77.46766524775612,77.46766524775612,93984000
2020-02-20,77.54026794433594,78.59334522089243,77.034308274592,78.10433337158206,100566000
2020-02-21,75.78515625,77.57660179653178,75.16783878997336,77.13357947900434,129554000
2020-02-24,72.18534088134766,73.63785968182607,70.01867143670297,71.96262546916086,222195200
2020-02-25,69.7402572631836,73.23840922009403,69.26819314550896,72.8559159017165,230673600
2020-02-26,70.84661102294922,72.11272604677254,69.35778056176747,69.36504286107494,198054800
2020-02-27,66.21549224853516,69.23673421957639,66.07992440892687,68.0505119290574,320605600
2020-02-28,66.1767349243164,67.39927568012675,62.063689342092786,62.279149784822394,426510000
2020-03-02,72.33784484863281,72.97453333535833,67.23224297649529,68.3361564954498,341397200
2020-03-03,70.04045867919922,73.59428625555064,69.18830958377835,73.51440097180128,319475600
2020-03-04,73.28926849365234,73.44904647858813,70.96282065269989,71.76412641873794,219178400
2020-03-05,70.91197204589844,72.51699913623247,70.54641911205819,71.54139095760931,187572800
2020-03-06,69.97023010253906,70.40356681603825,68.08195918610811,68.26836304968833,226176800
2020-03-09,64.43617248535156,67.32183967576859,63.66875496382136,63.8503198544026,286744800
2020-03-10,69.0769271850586,69.3432236821879,65.21080737842104,67.09182329022845,285290000
2020-03-11,66.67787170410156,68.0795543718944,65.81362127140751,67.15236648355659,255598800
2020-03-12,60.09312438964844,65.36334796143669,60.037445534949256,61.959612728994784,418474000
2020-03-13,67.29277038574219,67.76484191547881,61.235766409905956,64.12628289000264,370732000
2020-03-16,58.635765075683594,62.7197589173465,58.10075235573811,58.572820229839216,322423600
2020-03-17,61.21398162841797,62.363888604538765,57.71340983694092,59.9188176066588,324056000
2020-03-18,59.71546936035156,60.521617752082875,57.403542823432716,58.04507418797264,300233600
2020-03-19,59.25791931152344,61.20913545401907,58.732592172693536,59.88976507646557,271857200
2020-03-20,55.49589920043945,60.96463122654848,55.195710672226056,59.8389270162078,401693200
2020-03-23,54.31692886352539,55.31674696000738,51.46999389466009,55.215071106899224,336752800
2020-03-24,59.766300201416016,59.96238962255932,56.72085240856594,57.21954987318864,287531200
2020-03-25,59.437068939208984,62.518828553443576,59.14172316127237,60.70318009593795,303602000
2020-03-26,62.564823150634766,62.62292153490078,59.640418371654654,59.679153090462734,252087200
2020-03-27,59.97449493408203,61.942655145225594,59.80745470235101,61.18734664760273,204216800
2020-03-30,61.68605422973633,61.85793725267391,60.376365510763634,60.700764195325654,167976400
2020-03-31,61.56016540527344,63.54527367451045,61.005789027148815,61.87730177654374,197002000
2020-04-01,58.32105255126953,60.211747296676954,57.890138928877285,59.67431503612997,176218400
2020-04-02,59.29423141479492,59.34749072840286,57.350277549943364,58.18305551478086,165934000
2020-04-03,58.44209671020508,59.48064606073332,57.851405121245946,58.77859676208636,129880000
2020-04-06,63.54042053222656,63.69535199342072,60.37151030169897,60.73947898643968,201820400
2020-04-07,62.80448532104492,65.7748907610296,62.700389921682174,65.55700704789928,202887200
2020-04-08,64.41193389892578,64.726643281739,63.240236542570365,63.60578200367688,168895200
2020-04-09,64.87674713134766,65.38029109822737,64.0802880085237,65.04863383479294,161834800
2020-04-13,66.15011596679688,66.25905781375604,64.353831433513,64.95420843019932,131022800
2020-04-14,69.49090576171875,69.78141242863373,67.31212792353071,67.78419941029469,194994800
2020-04-15,68.85665893554688,69.31662179135925,67.93673322392213,68.36522365380796,131154400
2020-04-16,69.40377044677734,69.76932337939922,68.35311605698439,69.57081070155868,157125200
2020-04-17,68.4620590209961,69.46672390302615,67.02406462466632,68.91960605068904,215250000
2020-04-20,67.0409927368164,68.1909032698828,67.02162907324754,67.28792562164121,130015200
2020-04-21,64.96873474121094,67.11846344497374,64.25700003826536,66.8836393098129,180991600
2020-04-22,66.84008026123047,67.27583298086698,65.89594444342251,66.23727988733161,116862400
2020-04-23,66.5810317993164,68.2078529350214,66.5422970832411,66.78438351779307,124814400
2020-04-24,68.50322723388672,68.51291276391555,67.05797032169045,67.10639058393983,126161200
2020-04-27,68.5516128540039,68.88327005791642,67.77209430824026,68.21994826220036,117087600
2020-04-28,67.4404296875,69.19555618187054,67.34844305638214,69.01399137210808,112004800
2020-04-29,69.65553283691406,70.125181113428,68.7259218099285,68.92927352946674,137280800
2020-04-30,71.12498474121094,71.30171048124089,69.80561823131379,70.19537380762834,183064000
2020-05-01,69.97993469238281,72.38385146458401,69.2004159964793,69.29724910279991,240616800
2020-05-04,70.97005462646484,71.09836013147505,69.31418442698012,70.00413219040487,133568000
2020-05-05,72.03522491455078,72.86800267905694,71.28475563529474,71.43000894545563,147751200
2020-05-06,72.77845764160156,73.41029979065098,72.35238308451844,72.7372996904726,142333600
2020-05-07,73.53134155273438,73.87753081736858,73.10285116327836,73.40545924879912,115215200
2020-05-08,75.28150177001953,75.33490525251078,73.86389080775889,74.19159365905105,133838400
2020-05-11,76.4660873413086,76.96127521844708,74.57997904728234,74.78874082159405,145946400
2020-05-12,75.59223175048828,77.60213374226082,75.47086083937184,77.15063010080355,162301200
2020-05-13,74.67951202392578,76.69427337454634,73.60173785754363,75.77185010542999,200622400
2020-05-14,75.13829040527344,75.19897584845612,73.19392643517533,73.91729958475361,158929200
2020-05-15,74.6940689086914,74.74019043820076,72.87350561087283,72.90749301488646,166348400
2020-05-18,76.45393371582031,76.82775805671933,75.32761593322101,76.01943134990685,135178400
2020-05-19,76.01216125488281,77.31810575212776,75.98060363958615,76.47093934712166,101729600
2020-05-20,77.49046325683594,77.56085304131686,76.83262768101243,76.8714672558423,111504800
2020-05-21,76.91273498535156,77.89341385727374,76.67484537253091,77.35209701743804,102688800
2020-05-22,77.40794372558594,77.4904750567076,76.54863559536585,76.65058301291332,81803200
2020-05-26,76.88361358642578,78.70659948141834,76.82778030514494,78.52697291852887,125522000
2020-05-27,77.21858978271484,77.3642363430493,76.00002862396322,76.7403955523751,112945200
2020-05-28,77.25257110595703,78.51240153060692,76.6165888307401,76.89331060647892,133560800
2020-05-29,77.17731475830078,77.95651372350704,76.82048407944905,77.49530586711329,153532400
2020-06-01,78.12643432617188,78.247805202115,77.00010904163223,77.13119166186011,80791200
2020-06-02,78.48812866210938,78.51240432243173,77.41763649054919,77.8594283215851,87642800
2020-06-03,78.92020416259766,79.18236942622238,78.23567058388883,78.80854502107137,104491200
2020-06-04,78.24053192138672,79.04157682827717,77.86670750782196,78.74300918140095,87560400
2020-06-05,80.46887969970703,80.52956512934482,78.46140835412916,78.49053617509301,137250400
2020-06-08,80.94466400146484,80.97865140314263,79.45423346951993,80.16546503775984,95654400
2020-06-09,83.50074768066406,83.89398820325025,80.59270571799298,80.62426333660154,147712400
2020-06-10,85.6490249633789,86.11751490948136,84.01051763852004,84.44987975077672,166651600
2020-06-11,81.53697967529297,85.21694672779525,81.43503225453793,84.79214852289937,201662400
2020-06-12,82.24091339111328,84.42558944538845,81.12915928074322,83.67794801073093,200146000
2020-06-15,83.25801849365234,83.91099461363045,80.73107513642306,80.89371542315325,138808800
2020-06-16,85.46450805664062,85.73638502646783,83.67793241654452,85.31400936398893,165428800
2020-06-17,85.34559631347656,86.27044206272416,85.22422540246882,86.20975660722029,114406400
2020-06-18,85.37959289550781,85.7971091705382,84.77030848627626,85.30191372622465,96820400
2020-06-19,84.89167022705078,86.55202339942768,83.78233832338894,86.08596324993198,264476000
2020-06-22,87.11276245117188,87.25597924702839,85.2387951604758,85.2849167024508,135445200
2020-06-23,88.97216033935547,90.39220148949775,87.938077799927,88.3580238217453,212155600
2020-06-24,87.40160369873047,89.520742080351,87.02777928766403,88.60074867063001,192623200
2020-06-25,88.56189727783203,88.6007368459442,86.79716746009711,87.5569503065316,137522400
2020-06-26,85.84075927734375,88.67841069738331,85.69268296974758,88.45751483384788,205256800
2020-06-29,87.8191146850586,87.9137875283765,85.27032617462565,85.74852774385108,130646000
2020-06-30,88.55219268798828,88.83863359997088,87.38703518205058,87.40645126373022,140223200
2020-07-01,88.38469696044922,89.17360766512026,88.33615305412683,88.6298685038104,110737200
2020-07-02,88.38469696044922,89.92853837615466,88.27061544704088,89.29255616257464,114041600
2020-07-06,90.74903106689453,91.2175210025209,89.7829159545549,89.8144735764797,118655600
2020-07-07,90.46745300292969,91.90691027355584,90.35579383560182,91.12771107529522,112424400
2020-07-08,92.57443237304688,92.60598999002299,91.35829367263958,91.44568456641123,117092000
2020-07-09,92.97252655029297,93.52111790635368,91.92388033894679,93.46771442129742,125642800
2020-07-10,93.13516235351562,93.19342541681863,91.9554408840775,92.56714748957603,90257200
2020-07-13,92.70552825927734,97.0530350925637,92.49191427496272,94.44113076999513,191649200
2020-07-14,94.2396240234375,94.43138465547754,91.15194893729137,92.08649866670663,170989200
2020-07-15,94.88775634765625,96.3660528370159,93.68861141203081,96.11602911039955,153198000
2020-07-16,93.72016906738281,94.57704721895716,93.12059659931413,93.7590086395202,110577600
2020-07-17,93.53085327148438,94.32704617200835,93.05750374313295,94.1716952539975,92186800
2020-07-20,95.50191497802734,95.64027959696287,93.27354678967762,93.61824344262168,90318000
2020-07-21,94.18379211425781,96.36846770453698,93.93376842635256,96.29321836016966,103433200
2020-07-22,94.44840240478516,95.13050624366167,93.79785618394567,93.88523967276372,89001600
2020-07-23,90.14944458007812,94.25906118948085,89.33868791358677,94.18138204100602,197004400
2020-07-24,89.92610168457031,90.27079821008266,86.55684519462764,88.34585801635414,185438800
2020-07-27,92.0573959350586,92.14963900239098,90.76601521608015,90.98933351898751,121214000
2020-07-28,90.54512786865234,91.80495849622993,90.54026829124304,91.62775430231531,103625600
2020-07-29,92.28073120117188,92.4652173549395,90.9917727293096,91.0281825207394,90329200
2020-07-30,93.3973388671875,93.50171606500183,91.0451701940575,91.45297464683811,158130000
2020-07-31,103.17498016357422,103.32547889929636,97.89776821941581,99.89796575503286,374336800
2020-08-03,105.77474212646484,108.39635067212231,104.76008315372526,105.05865083451154,308151200
2020-08-04,106.48110961914062,107.57344762416928,105.24069527688243,105.96406844483113,173071600
2020-08-05,106.86708068847656,107.18750165208057,105.73590297725057,106.20197050684659,121776800
2020-08-06,110.59557342529297,111.09076870650271,106.60975774089576,107.19961845957583,202428800
2020-08-07,108.08109283447266,110.57368181214446,107.28346465846755,110.11650332932811,198045600
2020-08-10,109.65205383300781,110.67097638858233,106.99896497013046,109.52802993062933,212403600
2020-08-11,106.39099884033203,109.41371732342775,106.13079507349751,108.91520246878905,187902400
2020-08-12,109.92684173583984,110.18461136167227,107.2883431931704,107.48288378658236,165598000
2020-08-13,111.8722915649414,112.8766240182774,110.81932024645036,111.30811338263783,210082000
2020-08-14,111.7725601196289,111.86253531933406,109.96087043780608,111.69717509170043,165565200
2020-08-17,111.48074340820312,112.92036888745733,110.85334374924851,112.89604946040544,119561600
2020-08-18,112.40969848632812,112.83526251521093,110.89712204110621,111.23271086271058,105633600
2020-08-19,112.55073547363281,113.96604157696903,112.45589935232542,112.8182343383738,145538000
2020-08-20,115.04817962646484,115.1624742452907,112.57504177708266,112.592066116774,126907200
2020-08-21,120.97693634033203,121.46086115456639,115.99661767299484,116.00877367909403,338054800
2020-08-24,122.42384338378906,125.27148042738582,120.55622676537673,125.18635870420123,345937600
2020-08-25,121.41949462890625,121.76481270817138,119.6953532443396,121.29547815768062,211495600
2020-08-26,123.0707015991211,123.52788020690181,121.66998542570761,122.73754690039225,163022400
2020-08-27,121.59944915771484,124.00692412752836,120.45406865293813,123.67376948239601,155552400
2020-08-28,121.4024658203125,122.99285390087189,121.17873748616431,122.57458499713601,187630000
2020-08-31,125.5195083618164,127.42604193210997,122.56245254538821,124.09934857269191,225702700
2020-09-01,130.51930236816406,131.12239765919617,126.96888738067553,129.13804450192882,151948100
2020-09-02,127.81510162353516,134.21558595979664,123.53514962091081,133.83622664521172,200119000
2020-09-03,117.58210754394531,125.32493919241067,117.21247750644518,123.44760124139313,257599600
2020-09-04,117.65995025634766,120.32519508764499,107.86468180279036,116.79423196346733,332607200
2020-09-08,109.74201202392578,115.74367852876145,109.60583213787987,110.841180367367,231366600
2020-09-09,114.11924743652344,115.88959346489294,112.11545122343698,114.06088674565609,176940500
2020-09-10,110.39372253417969,117.21247524681922,109.43073415159472,117.07629537135253,182274400
2020-09-11,108.94438171386719,112.0862631304283,106.99894632611955,111.444265890273,180860300
2020-09-14,112.21271514892578,112.76716394445175,109.72256019656312,111.59017641083511,140150100
2020-09-15,112.38780212402344,115.58804419561972,110.51045669665075,115.10168535351536,184642000
2020-09-16,109.07083129882812,112.83525140975061,108.98329026941566,112.08626205798284,154679000
2020-09-17,107.32967376708984,109.13892938917895,105.74414649450532,106.72659350722516,178011000
2020-09-18,103.92516326904297,107.85494396114845,103.19562493954624,107.38804358616923,287104900
2020-09-21,107.07677459716797,107.18377414626174,100.28720125318382,101.68791722586771,195713800
2020-09-22,108.75957489013672,109.78093154907663,106.18187865602258,109.60584204815116,183055400
2020-09-23,104.19752502441406,109.05138437794632,103.85706788480732,108.57475477224305,150718700
2020-09-24,105.26752471923828,107.24214072616157,102.13537212015387,102.300732370106,167743300
2020-09-25,109.21675109863281,109.37238950555708,104.7325215412831,105.471789131678,149981400
2020-09-28,111.82363891601562,112.17381792247089,109.70311378636897,111.87227777517529,137672400
2020-09-29,110.97737121582031,112.16408812965686,110.4715612207209,111.4248279384537,99382200
2020-09-30,112.65044403076172,114.0608892683136,110.52019713326597,110.68555737521241,142675200
2020-10-01,113.60372161865234,114.50834954010315,112.66991334832385,114.43053032893033,116120400
2020-10-02,109.93657684326172,112.22246990869148,109.1584069544176,109.81012618440236,144712000
2020-10-05,113.32160949707031,113.46751863303267,110.4520953152141,110.80227427302496,106243800
2020-10-06,110.07274627685547,112.95198998188178,109.18756954507073,112.5434428788478,161498200
2020-10-07,111.94037628173828,112.3975548762922,111.01628983580524,111.49292694400957,96849000
2020-10-08,111.8333511352539,113.22433769308867,111.46371367294667,113.07842855908564,83477200
2020-10-09,113.77880859375,113.80798894197643,111.7847340241306,112.13491304534423,100506900
2020-10-12,121.00609588623047,121.76481458334483,116.0257780752071,116.78449677232146,240226800
2020-10-13,117.79612731933594,121.96908768608209,116.38568943923732,121.85235887523848,262330500
2020-10-14,117.88367462158203,119.67347184273211,116.35650794568298,117.69885586154554,150712000
2020-10-15,117.41675567626953,117.8933852834975,114.92660067544894,115.48104948176437,112559200
2020-10-16,115.7728500366211,118.23383189518665,115.56858022314269,117.97119397696682,115393800
2020-10-19,112.8157958984375,117.13465720214423,112.5045265484294,116.68720797533548,120639300
2020-10-20,114.3040542602539,115.73395040729928,112.47534031056462,113.02978907969988,124423700
2020-10-21,113.68152618408203,115.47132328298426,113.27297908868262,113.48697818121386,89946000
2020-10-22,112.59208679199219,114.81961147307034,111.4637305673421,114.24570410467129,101988000
2020-10-23,111.9014663696289,113.37027245377989,111.16219869915412,113.21463402999635,82572600
2020-10-26,111.91118621826172,113.37026292295224,109.80038294532771,110.89955881245987,111850700
2020-10-27,113.41888427734375,114.08033262151682,111.41508815584027,112.33916701816054,92276800
2020-10-28,108.16622161865234,112.28082137684017,108.06895131820131,111.91119126662696,143937800
2020-10-29,112.17381286621094,113.73988906858685,109.138930754146,109.30429841508608,146129200
2020-10-30,105.89007568359375,108.93468016821244,104.78117782421192,108.03005218595369,190272600
2020-11-02,105.8025131225586,107.6604077052679,104.39207526396882,106.1332410376146,122866900
2020-11-03,107.42697143554688,108.44832081758369,105.76362465230213,106.66825263139127,107624400
2020-11-04,111.81391143798828,112.43645025464208,109.2848465676762,111.02601237155882,138235500
2020-11-05,115.78260040283203,116.35650777308182,113.68153378019652,114.73206338089028,126387100
2020-11-06,115.65106201171875,116.14799861229584,113.15660323122867,115.2905328204704,114457900
2020-11-09,113.34174346923828,118.86656705608227,113.07865981779163,117.41471908421029,154515300
2020-11-10,113.00069427490234,114.57921088296683,111.20780194427195,112.59144977903753,138023400
2020-11-11,116.43055725097656,116.56697207433398,113.4586543889182,114.18945127149735,112295000
2020-11-12,116.15774536132812,117.44394777392753,115.5341325209194,116.55725128655479,103162300
2020-11-13,116.20645141601562,116.60594984971524,114.85204177616873,116.38184296677532,81581900
2020-11-16,117.21983337402344,117.89216151069154,115.12488063733073,115.87516223258528,91183000
2020-11-17,116.33313751220703,117.5803631991879,115.91414693604456,116.48904444010537,74271000
2020-11-18,115.0079574584961,116.75212717189736,114.97872676825749,115.57310891661412,76322100
2020-11-19,115.6023178100586,116.01156226433912,113.81917170120055,114.57919924030725,74113000
2020-11-20,114.33560943603516,115.72899584722249,114.28689410227584,115.6023270585875,73604300
2020-11-23,110.93497467041016,114.60845147390663,110.83753656463605,114.17971488763942,127959300
2020-11-24,112.22119903564453,112.88378869271381,109.70725526905355,110.99346528046955,113874200
2020-11-25,113.05915832519531,113.760724582734,112.22117723247423,112.59145244287018,76499200
2020-11-27,113.60482788085938,114.4817857816356,113.24430611291088,113.58534323153174,46691300
2020-11-30,116.00184631347656,117.87268484188316,113.8191939296174,113.97510085734369,169410200
2020-12-01,119.57786560058594,120.30866252291607,116.93725361331916,117.91164950975933,127728200
2020-12-02,119.92866516113281,120.21124090192977,117.79473547645512,118.89580031413836,89004200
2020-12-03,119.79222869873047,120.61071764794492,119.08091645415566,120.35737264430932,78967600
2020-12-04,119.11990356445312,119.7142856820755,118.40859125787107,119.46094065635505,78260400
2020-12-07,120.58149719238281,121.38050156328545,119.1199032870206,119.17836466433876,86712000
2020-12-08,121.19536590576172,121.78000942455122,119.93839423484614,121.18562729875275,82225500
2020-12-09,118.66193389892578,122.72516309946796,117.90190627108922,121.34152267781417,115089200
2020-12-10,120.08456420898438,120.69843846339406,117.07368405582885,117.41472117824993,81312200
2020-12-11,119.27580261230469,119.61683968170229,117.46342569030537,119.29528725882003,86939800
2020-12-14,118.66193389892578,120.19173519532912,118.42808095975704,119.46093825563229,79184500
2020-12-15,124.60574340820312,124.62523548902008,120.95175883034318,121.15638107461726,157243700
2020-12-16,124.53754425048828,125.0832036047306,123.31954931044656,124.14779181691584,98208600
2020-12-17,125.4047622680664,126.2622355061444,124.76165733950789,125.59963849451057,94359800
2020-12-18,123.4169921875,125.79452063801119,122.89081749267945,125.6581058023967,192541500
2020-12-21,124.94678497314453,125.02473843111304,120.28917365326492,121.8189749541549,121251600
2020-12-22,128.50335693359375,130.9685777717825,126.33044301842824,128.24026583476893,168904800
2020-12-23,127.60688018798828,129.03922833172223,127.43148121301886,128.776152171418,88223700
2020-12-24,128.591064453125,130.04292010694545,127.74334453834628,127.9577128863763,54930100
2020-12-28,133.19017028808594,133.82352163941158,130.09158377292042,130.5593044830477,124486200
2020-12-29,131.41676330566406,135.236393246922,130.9003346955004,134.5153498347467,121047300
2020-12-30,130.29624938964844,132.50813272871576,129.98443549687033,132.1086267541331,96452100
2020-12-31,129.29257202148438,131.2900862451404,128.34740697226323,130.64698149385816,99116600
2021-01-04,126.0965805053711,130.18904042592823,123.51442981152032,130.10134836082602,143301900
2021-01-05,127.6556167602539,128.3669365572837,125.14167325368666,125.58990196321088,97664900
2021-01-06,123.35852813720703,127.69459465788168,123.14415983466812,124.44985429829092,155088000
2021-01-07,127.5678939819336,128.25972152904515,124.5862452682212,125.07344315917028,109578200
2021-01-08,128.66900634765625,129.2341578626651,126.89559833144519,129.03926675065185,105158200
2021-01-11,125.67758178710938,126.83711531254554,125.2098759078761,125.88221147258122,100384500
2021-01-12,125.50220489501953,126.36941672040446,123.6118743194809,125.2098831281038,91951100
2021-01-13,127.5386962890625,128.08435568917824,125.20015175482261,125.4632279789547,88636800
2021-01-14,125.60938262939453,127.64586655028748,125.46321431935365,127.4509903383349,90221800
2021-01-15,123.88468933105469,126.88583037094017,123.74827450506447,125.48269795041179,111598500
2021-01-19,124.55704498291016,125.41451823804258,123.6898331200979,124.5083222083043,90757300
2021-01-20,128.64947509765625,129.09770370348497,125.25858190800798,125.36576603974312,104319500
2021-01-21,133.36557006835938,136.0938817254987,130.1695525142569,130.3741822074859,120150900
2021-01-22,135.50921630859375,136.26924376050698,131.5629107740607,132.79064399605167,114459400
2021-01-25,139.2606658935547,141.37510329816405,133.04401504155618,139.40683420534555,157611700
2021-01-26,139.4945526123047,140.60536359839995,137.75037522505468,139.92328928555284,98390600
2021-01-27,138.42266845703125,140.60532045654497,136.81492129375977,139.75758597887605,140843800
2021-01-28,133.57994079589844,138.35448999967483,133.19992695994156,135.9477307492471,142621100
2021-01-29,128.58132934570312,133.23894200137332,126.8761359923647,132.35223788929187,177523800
2021-02-01,130.7054443359375,131.9137004094463,127.57762745979004,130.32543059099427,106239800
2021-02-02,131.5337677001953,132.81996314159872,131.1634923320435,132.2548114784595,83305400
2021-02-03,130.51058959960938,132.2937358859012,130.189037167514,132.28398241128824,89880900
2021-02-04,133.87225341796875,133.88199202454763,131.1439418976162,132.81016544490666,84183100
2021-02-05,133.45750427246094,134.10157011842293,132.57924349365368,134.03326822644928,75693800
2021-02-08,133.60389709472656,133.65269267140306,131.66194630942968,132.7451425942424,71297200
2021-02-09,132.72561645507812,134.55046970081816,132.56949146196018,133.32088673165194,76774200
2021-02-10,132.12060546875,133.6819746696006,131.15450660056266,133.18428060554035,73046600
2021-02-11,131.8668975830078,133.09646585492624,130.5397381460376,132.61829297068624,64280000
2021-02-12,132.10107421875,132.25721410503192,130.46165008374714,131.10571594692075,60145100
2021-02-16,129.97373962402344,132.7256347192669,129.58338986171597,132.21820236374853,80576300
2021-02-17,127.68045043945312,129.02713073582913,126.34353819122421,128.08055326523402,97918500
2021-02-18,126.57776641845703,126.86075693989008,124.33330389453356,126.08007238065763,96856700
2021-02-19,126.73389434814453,127.55362134396646,125.6897404521568,127.09496971320031,87668800
2021-02-22,122.95735931396484,126.5875301611266,122.56701700171384,124.91881659012454,103916400
2021-02-23,122.82073974609375,123.65021250049017,115.53112373320839,120.77145192783192,158273000
2021-02-24,122.32305145263672,122.52797948716125,119.27839785951765,121.92295598861077,111039900
2021-02-25,118.0683364868164,123.40624834822879,117.62920604594376,121.66923290454905,148199500
2021-02-26,118.33183288574219,121.83513850368571,118.27327669448195,119.6297105769618,164560400
2021-03-01,124.70413208007812,124.84075076896436,119.82487191939815,120.76168897682948,116307900
2021-03-02,122.0986099243164,125.61167577926304,121.99126560430425,125.30916402931615,102260900
2021-03-03,119.11248016357422,122.67434107660237,118.89779155501199,121.79607288028379,112966300
2021-03-04,117.22911071777344,120.61531871405342,115.75557939943269,118.80999380846009,178155000
2021-03-05,118.48794555664062,118.99539275523834,114.73091692483256,118.05857574839611,153766600
2021-03-08,113.55012512207031,118.0780772404724,113.40374585133544,118.00976790681733,154376600
2021-03-09,118.16592407226562,119.11250177531362,115.92146876906158,116.1556711821871,129525800
2021-03-10,117.08273315429688,119.21984409787017,116.5655253098007,118.75143927948164,111943300
2021-03-11,119.01490783691406,120.23472282472085,118.33181442180619,119.58090377809478,103026500
2021-03-12,118.10737609863281,118.24399479427487,116.28253747320228,117.49259196824357,88105100
2021-03-15,120.99589538574219,121.00565599103153,117.51210381348422,118.47820271779908,92403800
2021-03-16,122.53773498535156,124.14789226969461,121.70826227679905,122.66459306472457,115227900
2021-03-17,121.7472915649414,122.82072722265787,119.38572418377375,121.05443757273207,111932600
2021-03-18,117.61943054199219,120.20543961497017,117.41450253253255,119.91268106136539,121229700
2021-03-19,117.09246826171875,118.49769739055492,116.78995655293399,117.00464516374609,185549500
2021-03-22,120.41036987304688,120.8787820785301,117.35595599145238,117.42426532921458,111912300
2021-03-23,119.58091735839844,121.23986295215124,119.19057502893875,120.35184141166212,95467100
2021-03-24,117.1900634765625,119.93221266793454,117.17054971237121,119.85414272084951,88530500
2021-03-25,117.67798614501953,118.7221549060971,116.1263850777415,116.6533460379,98844700
2021-03-26,118.28302764892578,118.54651187519468,116.04832553149886,117.44379427923147,94071200
2021-03-29,118.45866394042969,119.61993010735954,117.81460554489063,118.71238752420413,80819200
2021-03-30,117.004638671875,117.49256459840896,115.98975185126531,117.20956666760021,85671900
2021-03-31,119.2003173828125,120.5372297916679,118.22446543116469,118.71239140698859,118323800
2021-04-01,120.02981567382812,121.18132152037535,119.53212898760859,120.67388167307234,75089100
2021-04-05,122.85977172851562,123.11349534026344,120.09810870436394,120.87879330428332,88651200
2021-04-06,123.16229248046875,124.06007462441202,122.61581768766165,123.44529048250403,80171300
2021-04-07,124.81146240234375,124.83097616492763,122.11810901104752,122.79144922016141,83466700
2021-04-08,127.21206665039062,127.24134101901195,125.41650255345681,125.83611176390906,88844600
2021-04-09,129.78831481933594,129.82734234724018,126.34355848189794,126.66559142580684,106686700
2021-04-12,128.07080078125,129.64192283851602,127.4755305635202,129.319889944631,91420000
2021-04-13,131.18377685546875,131.4082335358879,128.7441468621112,129.2418409105608,91266500
2021-04-14,128.84170532226562,131.7399862101134,128.48064493977606,131.6814374875817,87222800
2021-04-15,131.25209045410156,131.7400164409198,130.41285716116144,130.5885182593821,89347100
2021-04-16,130.92031860351562,131.41799780371278,130.06156400836352,131.05693729907884,84922400
2021-04-19,131.58387756347656,132.1986690764981,130.12009959176393,130.2859926417197,94264200
2021-04-20,129.89564514160156,132.25720491889302,128.6270347117328,131.7595258175455,94812300
2021-04-21,130.27626037597656,130.5202234103885,128.12938865121586,129.16378953467097,68847100
2021-04-22,128.75389099121094,130.91051516608923,128.23669071993334,129.8273190546684,84566500
2021-04-23,131.0764617919922,131.85713156314563,128.96861767310645,128.96861767310645,78657500
2021-04-26,131.46678161621094,131.79856771997257,130.33478973127393,131.57412593099494,66905100
2021-04-27,131.14474487304688,132.14011804581892,130.87150751429678,131.74976832594788,66015800
2021-04-28,130.3542938232422,131.75952289031963,129.86636789108016,131.06666151490975,107760100
2021-04-29,130.25674438476562,133.76006501598266,129.2516178339276,133.17454775379707,151101000
2021-04-30,128.28550720214844,130.33478741572688,127.90492552746106,128.59777209122348,109839500
2021-05-03,129.3394317626953,130.83249918610892,128.64658510502326,128.85150570899668,75135100
2021-05-04,124.76268768310547,128.31479612503944,123.64045629537989,128.0220375212291,137564700
2021-05-05,125.00665283203125,127.29989620196363,124.87978730136861,126.08008114657817,84000900
2021-05-06,126.6070556640625,126.61680882445819,124.0600736654329,124.80172333933865,78128300
2021-05-07,127.2815170288086,128.30789005898956,126.56792436314103,127.90712250466862,78973300
2021-05-10,123.99708557128906,126.62658120316634,123.95798429414883,126.49951510362119,88071200
2021-05-11,123.0782470703125,123.43014369302018,120.00885982186637,120.72244516785638,126142800
2021-05-12,120.00885772705078,121.83680347682719,119.50055598507281,120.62469358610521,112172300
2021-05-13,122.15938568115234,123.3128473997713,121.46535470454872,121.77815750326876,105861300
2021-05-14,124.58358001708984,125.0136865740081,123.01956634348547,123.41057162633793,81918000
2021-05-17,123.43013763427734,124.07529756948797,122.35487853339957,123.96777091361953,74244600
2021-05-18,122.04208374023438,124.13395388767103,121.9736583600026,123.71362442115952,63342900
2021-05-19,121.88567352294922,122.1104965529405,120.09682917810171,120.39008503908883,92612000
2021-05-20,124.44674682617188,124.84752934847808,122.28645146975369,122.41353249282957,76857100
2021-05-21,122.6090316772461,125.12123109705438,122.39397836804899,124.94527906751188,79295400
2021-05-24,124.24146270751953,125.06257461018313,123.10755550398203,123.17598087438682,63092900
2021-05-25,124.04595947265625,125.4340286577924,123.47900216167147,124.94526644040783,72009500
2021-05-26,123.99708557128906,124.52494162597304,123.57675616428918,124.10461221897317,56575900
2021-05-27,122.46239471435547,124.76931783925218,122.26689578830224,123.5963093673209,94625600
2021-05-28,121.80747985839844,122.97071874535015,121.74883166504185,122.74588824113839,71311100
2021-06-01,121.48490142822266,122.53083648398967,121.15255171788874,122.26691215271315,67637100
2021-06-02,122.24736022949219,122.42331227313375,121.26008080587688,121.48490385964784,59278900
2021-06-03,120.76152801513672,122.04206311064841,120.36074552880676,121.87588828071905,76229200
2021-06-04,123.05868530273438,123.32261707615766,121.0645647856299,121.27961809499506,75169300
2021-06-07,123.0684585571289,123.47901079400312,122.02252359682196,123.33238286431767,71057600
2021-06-08,123.88957214355469,125.57089740877028,123.37149321732436,123.75272138786391,74403800
2021-06-09,124.27080535888672,124.87686405712522,123.674523845825,124.34900792468662,56877900
2021-06-10,123.27372741699219,125.30694902913476,123.10755258677628,124.1632572111759,71186400
2021-06-11,124.48583984375,124.57381958141005,123.26395290484824,123.68428231014268,53522400
2021-06-14,127.54545593261719,127.60410412556826,124.21215187864384,124.94528412175958,96906500
2021-06-15,126.72434997558594,127.66276579909551,126.47997256396104,127.01760585265852,62746300
2021-06-16,127.22284698486328,127.94620933630257,125.57086856900956,127.4379002537882,91815000
2021-06-17,128.82598876953125,129.56890564121335,126.73411873855628,126.8807541337841,96721700
2021-06-18,127.52590942382812,128.55228257491908,127.31085611782875,127.7702868246808,108953300
2021-06-21,129.32452392578125,129.43205057912303,126.30402282138007,127.3695047127403,79663300
2021-06-22,130.96673583984375,131.06449276893142,128.65981252013916,129.15835197662773,74783600
2021-06-23,130.69302368164062,131.29908974446735,130.23359300049012,130.76145650954527,60214200
2021-06-24,130.4095458984375,131.6118784063628,129.94033059947196,131.4261492149737,68711000
2021-06-25,130.11630249023438,130.87875877934593,129.82304662928087,130.45843681394894,70783700
2021-06-28,131.74874877929688,132.20817950576375,130.35091714623502,130.40956533844553,62111300
2021-06-29,133.26388549804688,133.42029061372372,131.32842066728736,131.76829700396732,64556100
2021-06-30,133.87973022460938,134.31960659055045,132.81423335434383,133.10748923684247,63261400
2021-07-01,134.18275451660156,134.24140270940268,132.70670539157666,133.52782483763312,52485800
2021-07-02,136.8122100830078,136.85130389268087,134.6519079372628,134.79852836804727,78852600
2021-07-06,138.82589721679688,139.9304727602518,136.91975675935547,136.91975675935547,108181800
2021-07-07,141.3185577392578,141.63135302793145,139.45151098591106,140.3117092164722,104911600
2021-07-08,140.01844787597656,140.81999780524936,137.50624162934824,138.3957787380025,105575500
2021-07-09,141.8463897705078,142.37423828416007,139.44171008126813,139.53946698760842,99890800
2021-07-12,141.2501678466797,143.02924286417507,140.7614129406358,142.92171618822078,76299700
2021-07-13,142.36453247070312,144.14360753862073,140.39974306234285,140.79074103201313,100827100
2021-07-14,145.7955322265625,146.20609933179037,144.35859210509756,144.76915921032545,127050800
2021-07-15,145.14064025878906,146.62645922194355,143.7819023332903,145.8835571981737,106820300
2021-07-16,143.0976104736328,146.39181260894236,142.59908601439943,145.12106223258928,93251400
2021-07-19,139.2462158203125,140.82979124521293,138.48375965542388,140.51698106699695,121434600
2021-07-20,142.863037109375,143.7916832596006,139.74479368631023,140.23354853774924,96350000
2021-07-21,142.12986755371094,142.8434601888897,141.37719601915154,142.25694855475027,74993500
2021-07-22,143.49839782714844,144.86690516323114,142.5306580508827,142.6577390590944,77338200
2021-07-23,145.2188262939453,145.37523141238975,143.6157111189225,144.2315469505393,71447400
2021-07-26,145.63912963867188,146.4602339479517,144.37813417064035,144.9353216834007,72434100
2021-07-27,143.4690399169922,145.85416492532713,142.27647741282473,145.76617775505318,104818600
2021-07-28,141.71934509277344,143.66459466880622,139.33421915670488,141.5531702418983,118931200
2021-07-29,142.36453247070312,143.25407000466194,141.32837442702208,141.4359011060239,56699500
2021-07-30,142.57952880859375,143.03895944281084,140.86888727307377,141.13281900063922,70440600
2021-08-02,142.24722290039062,143.64505468245218,141.9832910916965,143.06832751008895,62880000
2021-08-03,144.04580688476562,144.710506214658,141.91482832443904,142.53066410966022,64786600
2021-08-04,143.64498901367188,144.466093247994,142.9900595708953,143.95779914995168,56368300
2021-08-05,143.75257873535156,144.51503513271194,142.882595670896,143.67437616695372,46397700
2021-08-06,143.06727600097656,144.01688208379585,142.56800458197282,143.2728671370131,54126800
2021-08-09,143.01834106445312,143.61551593971976,142.46033352347743,143.12602882681142,48908700
2021-08-10,142.53866577148438,144.60430216687507,142.24497049035554,143.3610006082751,69023100
2021-08-11,142.79315185546875,143.63507011431875,142.47008863472837,142.97915931025486,48493500
2021-08-12,145.7594757080078,145.91611517335826,142.7736012533468,143.11624821655573,72282600
2021-08-13,145.9650421142578,146.29788971819715,145.15249183078768,145.83777070300374,59375000
2021-08-16,147.9425506591797,148.01108601151154,143.39032739407136,145.41679586878547,103296000
2021-08-17,147.03211975097656,148.4907815727172,145.95524228570045,147.0712721415507,92229700
2021-08-18,143.2826385498047,147.55096588599457,143.07704743235058,146.65031157772893,86326000
2021-08-19,143.6155242919922,144.88819384716103,141.46178385753223,141.98063903235334,86960300
2021-08-20,145.07420349121094,145.37768313326703,143.69384614705683,144.33997276831565,60549600
2021-08-23,146.5621795654297,147.03208282409878,144.78044001362832,145.19160723220818,60131800
2021-08-24,146.47412109375,147.68805452972137,146.01400200564578,146.30769726540868,48606400
2021-08-25,145.24061584472656,147.15941188820682,144.6923926717211,146.66012547582167,58991300
2021-08-26,144.43780517578125,145.98458575756337,144.40843715330078,145.23078659662303,48597200
2021-08-27,145.4755401611328,145.62238028371488,143.74275202487664,144.379079140009,55802400
2021-08-30,149.9005126953125,150.26274327805922,145.48534478526688,145.86714409511154,90956700
2021-08-31,148.6376495361328,149.587255672955,148.10899512080897,149.45019988712295,86453100
2021-09-01,149.30332946777344,151.72139660647437,149.13690566906416,149.61660833919711,80313700
2021-09-02,150.4193878173828,151.46689743705474,149.19567000260434,150.63476334782075,71115500
2021-09-03,151.05572509765625,151.3787883827347,149.87115971903515,150.5270706537238,57808700
2021-09-07,153.3954620361328,153.9534695341939,151.14381850232894,151.71162530218976,82278300
2021-09-08,151.84864807128906,153.73806060079502,150.74240274156284,153.6793245546072,74420200
2021-09-09,150.83056640625,152.82766725771464,150.71307934113239,152.2207080167917,57305700
2021-09-10,145.83778381347656,152.21090030495253,145.57345660401688,151.74099688432676,140893200
2021-09-13,146.40557861328125,148.2362553872636,145.6223963511956,147.462872426403,102404300
2021-09-14,145.0056610107422,147.8936469962392,143.8211105344737,147.18878434178126,109296300
2021-09-15,145.8965301513672,146.29791317586614,143.2924550814451,145.43641106239744,83281300
2021-09-16,145.66151428222656,145.83773734503635,144.12453308738378,145.31888239346944,68034100
2021-09-17,142.9889678955078,145.69094622198233,142.69527265072225,145.69094622198233,129868800
2021-09-20,139.9345703125,141.7946152611483,138.29968524042357,140.7764886965952,123478900
2021-09-21,140.41427612304688,141.55968919492042,139.77794880575027,140.90376327110957,75834000
2021-09-22,142.7833709716797,143.35116277449677,140.67856780429392,141.412798340786,76404300
2021-09-23,143.74278259277344,143.987526141095,142.5778009126891,143.56655947024234,64838200
2021-09-24,143.8308868408203,144.369325635303,142.49948133899076,142.5973847336097,53477900
2021-09-27,142.31344604492188,142.89105205957617,140.79604829054261,142.41134942041117,74150700
2021-09-28,138.92625427246094,141.7065378549354,138.71087871937146,140.2380763227599,108972300
2021-09-29,139.82688903808594,141.41282248756633,139.04370667783795,139.4744577228724,74602000
2021-09-30,138.52484130859375,141.344291622089,138.30946580198176,140.63942904371518,89056700
2021-10-01,139.65065002441406,139.91497721524382,136.18508826736803,138.91641944607758,94639600
2021-10-04,136.21446228027344,139.219920083201,135.36275955212915,138.77936976647533,98322000
2021-10-05,138.14305114746094,139.2492967831214,136.42984628272845,136.55711770997038,80861100
2021-10-06,139.01434326171875,139.16118342378243,135.46066196016233,136.5375396085011,83221100
2021-10-07,140.27719116210938,141.18764483600611,139.71918369704164,140.05203130343006,61732700
2021-10-08,139.89541625976562,141.1485021218367,139.56256859533212,141.00166195751657,58773200
2021-10-11,139.8072967529297,141.76524506387435,138.82832259745734,139.27865728167708,64452200
2021-10-12,138.53463745117188,140.2380579834007,138.0745183695577,140.21847431623635,73035900
2021-10-13,137.947265625,138.42695344884726,136.27321307906425,138.2703289211617,78762700
2021-10-14,140.73731994628906,140.85480700337075,138.53462808500012,139.12201855652793,69907100
2021-10-15,141.7946014404297,141.85333749485733,140.4925641281013,140.74710694789957,67940300
2021-10-18,143.46864318847656,143.75253907676628,140.14992191440837,140.43381780269812,85589200
2021-10-19,145.6322021484375,146.03358517080088,143.46867744948042,143.91899723333478,76378900
2021-10-20,146.1216583251953,146.60136097751123,145.00562852862774,145.57343525852468,58418800
2021-10-21,146.3370361328125,146.4936755651962,144.76088732210272,145.68112531490897,61421000
2021-10-22,145.56365966796875,147.02232150012944,145.51470797593214,146.5426337568644,58883400
2021-10-25,145.51470947265625,146.2293563822722,144.51615170908323,145.55386186391277,50720600
2021-10-26,146.18045043945312,147.66848062819486,145.87695585691787,146.19023480483978,60893400
2021-10-27,145.72030639648438,146.58179347999342,145.36787510933436,146.21957782913032,56094900
2021-10-28,149.36212158203125,149.9494972207288,146.57203874983847,146.66994215860282,100077900
2021-10-29,146.65032958984375,146.78738537232746,143.33160784302547,144.12457450867834,124953200
2021-11-01,145.8280029296875,146.55243427503285,144.692389276276,145.85737096055496,74588300
2021-11-02,146.86570739746094,148.3831203302802,145.5245026428988,145.53430194477542,69122000
2021-11-03,148.3048095703125,148.77471301203136,146.66992441982393,147.22793195599735,54511500
2021-11-04,147.7859649658203,149.22504342505385,147.47268602369996,148.39292424372576,60394600
2021-11-05,148.31533813476562,149.21730693838492,147.11924549176268,148.9133844562671,65463900
2021-11-08,147.49183654785156,148.5996967763102,147.2173248919126,148.44282869869843,55020900
2021-11-09,147.85455322265625,148.46239820996468,147.11925107616622,147.25650687845393,56787900
2021-11-10,145.0211944580078,147.18789143862284,144.9525740344218,147.080046521764,65187100
2021-11-11,144.97222900390625,146.50165573534528,144.7859499861446,146.04087995425982,41000000
2021-11-12,147.05064392089844,147.45259776115682,144.58982294106508,145.52120275202367,63804000
2021-11-15,147.0604248046875,148.90358691602947,146.5015880097449,147.42316906541586,59222800
2021-11-16,148.0408477783203,148.52125061689011,146.41337526538132,147.00162302853775,59256200
2021-11-17,150.48204040527344,151.96244333873707,148.03103325464866,148.0408318977374,88807000
2021-11-18,154.77622985839844,155.5605553164082,150.05069477948223,150.69776440432256,137827700
2021-11-19,157.40371704101562,157.8645076840942,153.46249248182252,154.56053914119423,117305600
2021-11-22,157.86447143554688,162.45274960273852,157.84485918977177,158.5115259485219,117467900
2021-11-23,158.24684143066406,158.62919797716998,155.9428885480248,157.96251620186436,96041900
2021-11-24,158.76644897460938,158.96252656383666,156.5115192990928,157.59976712302952,69463600
2021-11-26,153.7369842529297,157.30565039386215,153.2958059172185,156.44290597018036,76959800
2021-11-29,157.09976196289062,158.0311417015208,155.67816582735122,156.24680128961487,88748200
2021-11-30,162.0605926513672,162.27628247322406,156.78602057829323,156.85465595786593,174048100
2021-12-01,161.5409698486328,166.9625960118038,161.30566779650317,164.1978529983773,152052500
2021-12-02,160.55076599121094,160.98214564054786,154.70757335862984,155.62915443498412,136739200
2021-12-03,158.66839599609375,161.72726310588908,156.5899467105327,160.80568201972204,118023100
2021-12-06,162.08018493652344,164.59001350748514,161.0605577297213,161.07035637141348,107497000
2021-12-07,167.82534790039062,168.21751800507252,165.0410074760686,165.76651094991018,120405400
2021-12-08,171.64894104003906,172.51170037671412,167.3547715631022,168.75675548519916,116998900
2021-12-09,171.13909912109375,173.28618350547256,170.51164196874294,171.48224606243375,108923700
2021-12-10,175.9333038330078,176.1097841405235,171.26659124422937,171.776404959566,115402700
2021-12-13,172.29600524902344,178.5607789713786,172.09011406463858,177.57056250136455,153237000
2021-12-14,170.91363525390625,174.25681265308427,168.83518594286804,171.81560410510698,139380400
2021-12-15,175.78627014160156,175.98234775996642,168.93324742548972,171.67837896188757,131063300
2021-12-16,168.8842010498047,177.59018373746022,167.40379803106163,175.76663371395836,150185800
2021-12-17,167.78614807128906,170.07048857395336,166.36456688905028,166.59985400570397,195432700
2021-12-20,166.42337036132812,167.23710645635137,164.17825459824692,164.9821770913153,107499100
2021-12-21,169.5998992919922,169.80577551895627,165.8057299805719,168.19791539703556,91185900
2021-12-22,172.19796752929688,172.4136573675495,168.77635596770887,169.64891396436306,92135300
2021-12-23,172.82540893554688,173.38424572693862,171.8352074670007,172.4038429011369,68356600
2021-12-27,176.79608154296875,176.8843142259983,173.59997302631623,173.6195703160363,74919600
2021-12-28,175.77642822265625,177.77645850319618,175.03132740898585,176.62938891278105,79144300
2021-12-29,175.86468505859375,177.0901887398254,174.6489800212977,175.8156619193921,62348900
2021-12-30,174.70777893066406,177.0313437787025,174.5999340224449,175.95289469651084,59773000
2021-12-31,174.09014892578125,175.71760635907094,173.7862114626908,174.59994765921613,64062300
2022-01-03,178.44313049316406,179.2960912081591,174.22740989529922,174.34505345884557,104487900
2022-01-04,176.1783905029297,179.35490114678188,175.60975505040156,179.05097865451486,99310400
2022-01-05,171.4920654296875,176.6391804132829,171.21755382734324,176.09015720859438,94537600
2022-01-06,168.62928771972656,171.86462006909193,168.27634210052742,169.3155667126804,96904000
2022-01-07,168.7959747314453,170.72736974687896,167.67831596269667,169.50186605484046,86709100
2022-01-10,168.81556701660156,169.119489502726,164.87434342032694,165.7665135929736,106765600
2022-01-11,171.64894104003906,171.74697235390423,167.4724300834058,168.94303442923228,76138300
2022-01-12,172.0901336669922,173.70779259806037,171.39405592953122,172.66856783412447,74805200
2022-01-13,168.81556701660156,173.15874440691425,168.42339690566672,172.33520961359125,84505800
2022-01-14,169.6783447265625,170.37442243944997,167.73713612609606,167.9822368621362,80440800
2022-01-18,166.47244262695312,169.1587374378629,166.0900860318357,168.1489234825589,90956700
2022-01-19,162.97238159179688,167.72734198246087,162.68807131265714,166.66850497918634,94815000
2022-01-20,161.2860870361328,166.35476859042288,160.9625522612085,163.7076835662155,91420500
2022-01-21,159.2272491455078,163.070426973366,159.1194042209609,161.19785371976124,122848900
2022-01-24,158.45272827148438,159.11941009139656,151.66834129815217,156.88409244537576,162294600
2022-01-25,156.64877319335938,159.5703696285005,153.942866591661,155.86444788627315,115798400
2022-01-26,156.56056213378906,161.1684533792907,154.727213256224,160.29589528165266,108275300
2022-01-27,156.0997314453125,160.6291874906743,155.17815044081257,159.26642822820887,121954600
2022-01-28,166.99203491210938,167.01164715968335,159.6096019553616,162.46257810702824,179935700
2022-01-31,171.35484313964844,171.5705330064948,166.18811489980484,166.82538585540124,115541600
2022-02-01,171.1881866455078,171.4136751707698,168.93325651359524,170.59993879900395,86213900
2022-02-02,172.39405822753906,172.4332827246188,169.93325210735014,171.32542255843316,84914300
2022-02-03,169.51165771484375,172.78621481447524,168.74694463929947,171.0606961129302,89418100
2022-02-04,169.22698974609375,170.90562127726093,167.54835821492657,168.53001022690665,82465400
2022-02-07,168.51039123535156,170.75836779564654,167.81341170266444,169.68837067678015,77251200
2022-02-08,171.62222290039062,172.1326861402394,168.28459707531294,168.57909567441112,74829200
2022-02-09,173.04559326171875,173.40879966630814,171.6909088658484,172.81981752201338,71285000
2022-02-10,168.96194458007812,172.26029603848204,168.40241070544232,170.94488589786454,90865900
2022-02-11,165.54580688476562,169.9043445353418,164.95680964270105,169.1681054721721,98670700
2022-02-14,165.78140258789062,166.46855602542965,163.50396264767951,164.2990984096048,86185500
2022-02-15,169.61964416503906,169.77671208150778,167.12625465108732,167.83304529637556,62527400
2022-02-16,169.384033203125,170.15953158992264,166.92990352756195,168.69687988973112,61177400
2022-02-17,165.78140258789062,168.75580709374077,165.37892165346722,167.89194849865083,69589300
2022-02-18,164.23036193847656,167.410904431975,163.14072775638053,166.70412886139007,82772700
2022-02-22,161.30506896972656,163.63157949063682,159.17487088048674,161.95294792646703,91162800
2022-02-23,157.133056640625,163.10148814384206,156.8189207831809,162.50267977205857,90009200
2022-02-24,159.7540283203125,159.8620106235458,149.21108200225234,149.7804418757718,141147500
2022-02-25,161.82534790039062,162.09038317154068,157.91836192123637,160.83386973446065,91974200
2022-02-28,162.09034729003906,162.3848458382796,159.4497014395523,160.0681468929756,95056600
2022-03-01,160.20558166503906,163.54320699943037,158.99815406295153,161.67805946523026,83474400
2022-03-02,163.50393676757812,164.28926127709886,159.9601728375973,161.3737539589708,79724800
2022-03-03,163.17999267578125,165.8108275814803,162.5124765673441,165.37889834481186,76678400
2022-03-04,160.17616271972656,162.512499384929,159.12580281837,161.47195061166718,83737200
2022-03-07,156.37716674804688,161.99221739182056,156.121927641353,160.3626714753167,96418800
2022-03-08,154.55125427246094,159.8914422013673,152.94134599790684,155.9059384838015,131148300
2022-03-09,159.96018981933594,160.41175632836593,156.4851483427237,158.51716018630677,91454900
2022-03-10,155.61148071289062,157.447165177113,153.11807622105542,157.26064889872916,105342000
2022-03-11,151.89100646972656,156.3575259685623,151.665230708696,156.01394178449013,96970100
2022-03-14,147.85641479492188,151.29219668682538,147.34596655573256,148.671187726746,108732100
2022-03-15,152.24436950683594,152.71557314147054,147.6207980554659,148.13124619142744,92964300
2022-03-16,156.66184997558594,157.0643309184818,151.62598505111097,154.16846031293665,102300200
2022-03-17,157.67294311523438,158.04597567713608,154.73781315339022,155.6998279417029,75615400
2022-03-18,160.97129821777344,161.46212424049523,156.82872538769567,157.56496442177837,123511700
2022-03-21,162.34561157226562,163.2978152048177,160.0190861607253,160.50991215775952,95811400
2022-03-22,165.7224884033203,166.31147058252574,161.88422570672876,162.4732078859342,81532000
2022-03-23,167.0869598388672,169.47236652831964,164.57391864309255,164.9076916397335,98062700
2022-03-24,170.87615966796875,170.94486751449384,167.08698259633016,167.92137775453384,90131400
2022-03-25,171.51422119140625,172.0639438588756,169.58036574981767,170.6896371902022,80546200
2022-03-28,172.37808227539062,172.50568683875068,168.84412938966062,169.01100841776184,90371900
2022-03-29,175.67642211914062,175.7254927287122,173.10448407991993,173.44806821983224,100589400
2022-03-30,174.50830078125,176.31453707900522,173.45792582774143,175.2739882330989,92633200
2022-03-31,171.40626525878906,174.7635134764267,171.20011173735605,174.5769971900877,103049300
2022-04-01,171.11172485351562,171.67127357586256,168.78521485365147,170.83686354462102,78751300
2022-04-04,175.1659698486328,175.21505544007368,171.23936219447407,171.36698173645647,76468400
2022-04-05,171.84800720214844,175.02856526846452,171.21975048299214,174.2432406248137,73401800
2022-04-06,168.67726135253906,170.44423791053993,167.00845598396842,169.19753570311426,89058800
2022-04-07,168.9815673828125,170.1791839693951,166.73359099058004,168.01955265843017,77594700
2022-04-08,166.96917724609375,168.6281714448174,166.09550760626425,168.6281714448174,76575500
2022-04-11,162.70883178710938,165.92864940184566,162.46341876782265,165.61452852614607,72246700
2022-04-12,164.58375549316406,166.7531977294746,163.58246639550293,164.93715076417277,79265200
2022-04-13,167.27349853515625,167.90175523000033,163.71011188136575,164.31873134170252,70618900
2022-04-14,162.2572479248047,168.12753750441655,162.01183493170848,167.4894547350742,75329400
2022-04-18,162.04132080078125,163.54324732904448,160.5688426374783,160.91241188828883,69023900
2022-04-19,164.3285369873047,164.7408440040976,160.90258113171808,161.99221543879506,67723800
2022-04-20,164.1616668701172,165.7814017275046,163.05241024771163,165.66359329680822,67929800
2022-04-21,163.3665008544922,168.38274246164556,162.86586379792752,165.81081937992397,87227800
2022-04-22,158.82150268554688,164.78994985292647,158.53683013851932,163.40583163624243,84882400
2022-04-25,159.8914794921875,160.17615197605645,155.55257953271186,158.16376241881838,96046400
2022-04-26,153.92303466796875,159.36138008917553,153.84450071149385,159.27303500519898,95623200
2022-04-27,153.69728088378906,156.85818695569935,152.52911245475866,153.04938688433683,88063200
2022-04-28,160.63754272460938,161.50140133184425,156.01395492484127,156.3280907743164,130216800
2022-04-29,154.75741577148438,163.1505424974972,154.36476100370217,158.87053962186658,131747600
2022-05-02,155.061767578125,155.32680285229077,150.45781697290937,153.83470249054395,123055300
2022-05-03,156.55386352539062,157.76130632227486,153.4518544553603,155.24826451156082,88966500
2022-05-04,162.97386169433594,163.42541320530594,156.33788489489382,156.74036579119067,108256500
2022-05-05,153.89361572265625,161.06949072780478,152.10700157369598,160.84371492154636,130525300
2022-05-06,154.62107849121094,156.7445658918497,151.57347999950738,153.37254446386834,116124600
2022-05-09,149.4893035888672,153.19557297112254,148.92894768803646,152.31077917916164,131577900
2022-05-10,151.8979034423828,154.09021465537515,150.3446125608553,152.89083834180113,115366700
2022-05-11,144.02333068847656,152.8220226348079,143.34499314721714,150.9049915404857,142689800
2022-05-12,140.14988708496094,143.72834887077067,136.45345881196982,140.3563434383533,182602000
2022-05-13,144.62298583984375,145.59625448116793,140.69060910842344,142.14558429881745,113990900
2022-05-16,143.07952880859375,145.02606620057162,141.7425200447831,143.08936935150413,86643800
2022-05-17,146.71702575683594,147.2380646317424,144.20029128457014,146.34344505375913,78336300
2022-05-18,138.43934631347656,144.86877642522347,137.5348863581385,144.36740373329286,109742900
2022-05-19,135.0280303955078,139.26516512783357,134.29070954879225,137.51525818502847,136095600
2022-05-20,135.26393127441406,138.3213549245238,130.36812621760984,136.73857261689477,137426100
2022-05-23,140.69064331054688,140.83810147349175,135.32294116689727,135.46057378592263,117726300
2022-05-24,137.9871063232422,139.56988862899178,135.00833201503448,138.4294957252956,104132700
2022-05-25,138.14442443847656,139.39294348204788,136.00127092128338,136.0897458139781,92482700
2022-05-26,141.34930419921875,141.89983463413682,134.82155832650707,135.0673319135833,90601500
2022-05-27,147.11024475097656,147.1495619264336,142.80428649817537,142.93209356986327,90978500
2022-05-31,146.32379150390625,148.11303081321125,144.35760237324104,146.54991405453222,103718400
2022-06-01,146.19595336914062,149.17472776391935,145.18335248498283,147.36582293275725,74286600
2022-06-02,148.65370178222656,148.712685042506,144.37723540201858,145.33083811208033,72348100
2022-06-03,142.9222869873047,145.4684982093944,142.01784182350252,144.41657986619595,88570300
2022-06-06,143.66940307617188,146.05833007006927,142.45036072118282,144.54435641942476,71598400
2022-06-07,146.19595336914062,146.48104410293644,141.66388825021798,141.9096618141491,67808200
2022-06-08,145.45864868164062,147.3363475160415,144.96710149969525,146.06816238698744,53950200
2022-06-09,140.22857666015625,145.44880522785593,140.12043568225837,144.5935179486459,69473000
2022-06-10,134.81173706054688,138.38035945755297,134.74291325358388,137.90847835562724,91437900
2022-06-13,129.65049743652344,132.9143631237499,129.21793348983346,130.6237513157455,122207100
2022-06-14,130.51560974121094,131.6265112355856,129.2572500842336,130.8793648770148,84784300
2022-06-15,133.1404571533203,135.01817091312645,129.9257495131237,132.01973022353556,91533000
2022-06-16,127.86125183105469,130.15186352165608,126.85849136974434,129.84710666597098,108123900
2022-06-17,129.3358917236328,130.8301993524765,127.61547659200777,127.87109072638007,134520300
2022-06-21,133.57301330566406,134.74289788395257,131.06613492456364,131.16443535080262,81000500
2022-06-22,133.06182861328125,135.43107463782408,131.64617032424826,132.51128316690097,73409200
2022-06-23,135.93246459960938,136.24704700188127,133.33709602733944,134.5069807437755,72433800
2022-06-24,139.26516723632812,139.51094085562102,137.40711927450707,137.53491135597412,89116800
2022-06-27,139.26516723632812,141.0642319296519,138.5868296469467,140.28757889222084,70207900
2022-06-28,135.11647033691406,140.99536950005523,134.99850383222812,139.72718457219997,67083400
2022-06-29,136.876220703125,138.29187895229046,134.35950159386607,135.1361545226192,66242400
2022-06-30,134.40863037109375,136.03072968185316,131.508505693856,134.92966905883227,98964500
2022-07-01,136.58126831054688,136.68940927123788,133.3665611170388,133.74012670784026,71051600
2022-07-05,139.1668243408203,139.2159820551499,134.6150930089742,135.44090360755794,73353800
2022-07-06,140.5038299560547,141.68354006887108,138.69494011634768,138.96037976700046,74064300
2022-07-07,143.8758544921875,144.07247034886072,140.857747839313,140.86757338185674,66253700
2022-07-08,144.55416870117188,145.0555563580384,142.5486630761882,142.80426217519934,64547800
2022-07-11,142.42088317871094,144.16096449444552,141.3493138659739,143.20736171130733,63141600
2022-07-12,143.39414978027344,145.94036067600746,142.59784571642712,143.29583433994398,77588800
2022-07-13,143.03041076660156,143.97417299746286,139.71737241231898,140.57267474752288,71185600
2022-07-14,145.9600372314453,146.43191837704046,140.82828289550088,141.64425310609462,78140700
2022-07-15,147.63125610351562,148.30959351033036,145.6945593046606,147.24784996064128,76259900
2022-07-18,144.5836639404297,149.00758761847518,144.21990890411743,148.1916176733143,81420900
2022-07-19,148.44723510742188,148.67334258980395,144.42638313418118,145.41930294883997,82982400
2022-07-20,150.45277404785156,151.12128610103343,147.8279135614201,148.56523442842325,64823400
2022-07-21,152.72372436523438,152.9400063380094,149.37136878805202,151.88808810670997,65086600
2022-07-22,151.4849853515625,153.6379641019081,150.8164884797473,152.76301084272214,66675400
2022-07-25,150.3642578125,152.4189211302385,149.7055864857965,151.40633528462277,53623900
2022-07-26,149.03709411621094,150.50189494637155,148.25061571701698,149.68592491978026,55138700
2022-07-27,154.13937377929688,154.67025318814936,149.58765663017232,150.00055450326258,78620700
2022-07-28,154.6898956298828,154.97498637932796,151.7995959592648,154.3261405347344,81378700
2022-07-29,159.7626495361328,160.86372535437394,156.8035410889223,158.51413057382698,101786900
2022-08-01,158.779541015625,160.82437877972106,158.17002740354454,158.287993908895,67829400
2022-08-02,157.30491638183594,159.66435174491758,156.931350741657,157.39340627106276,59907000
2022-08-03,163.3214874267578,163.7737024778556,158.03243443212287,158.1209093333162,82507500
2022-08-04,163.0068817138672,164.36355679986545,161.65020662786893,163.20349759569137,55474100
2022-08-05,162.7804718017578,163.27270181625158,160.4669847249699,160.6737279405912,56697000
2022-08-08,162.3079071044922,165.20222176015508,161.64832074077538,163.78459702908208,60276900
2022-08-09,162.35711669921875,163.24313957743516,160.71307055191537,161.47110884266755,63135500
2022-08-10,166.61000061035156,166.70843758837208,164.30635300401312,165.07423053223724,70170500
2022-08-11,165.87164306640625,168.33279265478845,165.57630211146738,167.4172371966445,57149200
2022-08-12,169.42556762695312,169.49447201390402,166.7675136783622,167.18100008673593,68039400
2022-08-15,170.4986114501953,170.69550042466776,168.6872088503834,168.85456522976827,54091700
2022-08-16,170.34107971191406,171.01052019393777,168.99237457923107,170.09496475942944,56377100
2022-08-17,171.8374481201172,173.412574668192,169.88822206935535,170.08511101015677,79542000
2022-08-18,171.4436798095703,172.18202470973497,170.42968734841074,171.049901871482,62290100
2022-08-19,168.85455322265625,171.04005523372263,168.6478100500787,170.34108214913311,70346300
2022-08-22,164.9659423828125,167.22034880392278,164.54261684090196,167.05299243394208,69026800
2022-08-23,164.63121032714844,166.0882216660332,164.06022183299058,164.4835473638596,54147100
2022-08-24,164.9265594482422,165.4975479706951,163.6664520268514,164.7198312893935,53841500
2022-08-25,167.3876953125,167.49598648924476,165.7338100913049,166.15712058661168,51218200
2022-08-26,161.0773162841797,168.3918608006587,161.01825109648692,167.91932427745144,78961000
2022-08-29,158.87216186523438,160.36853027090402,157.33640664687104,158.64572524641508,73314000
2022-08-30,156.44053649902344,160.03380935929164,155.26902673828752,159.6104987851323,77906200
2022-08-31,154.77674865722656,158.08453370950164,154.6979900819745,157.81872539573374,87991100
2022-09-01,155.5052947998047,155.95813794862076,152.2664132669702,154.20580050146393,74229900
2022-09-02,153.38870239257812,157.86799816901853,152.56175963985066,157.26747699870455,76957800
2022-09-06,152.12857055664062,154.64878522236114,151.30162793601315,154.03842495785005,73714800
2022-09-07,153.536376953125,154.2353350897476,151.22289011406963,152.41409323627113,87449600
2022-09-08,152.05967712402344,153.93014485598613,150.30732474708108,152.23687268905203,84923800
2022-09-09,154.92442321777344,155.36744211450377,152.34514352686796,153.05395573564041,68028800
2022-09-12,160.89027404785156,161.7073775664421,156.82446488060694,157.10995164172124,104956000
2022-09-13,151.44931030273438,158.0451887543499,150.98661293916587,157.41513500718563,122656600
2022-09-14,152.89646911621094,154.65866080063967,151.22289024182777,152.38454574724284,87965400
2022-09-15,150.00213623046875,152.82754609590185,149.02753063381346,152.24670339235885,90481100
2022-09-16,148.35809326171875,148.99800116372188,146.06430005699622,148.86017738849526,162278800
2022-09-19,152.07936096191406,152.15811955641868,146.78297692105565,146.98970508767258,81474200
2022-09-20,154.4617462158203,155.6234166633189,150.7011173572486,151.0161367015711,107689800
2022-09-21,151.3311767578125,156.2731696529989,151.21304637695786,154.89491678247586,101696800
2022-09-22,150.3663787841797,152.06948984550405,148.56481574497693,150.01197269414533,86652500
2022-09-23,148.09226989746094,149.1161164282667,146.25133501023848,148.84046890574132,96029900
2022-09-26,148.427001953125,151.38038122778957,147.31455761940225,147.33425102063256,93339400
2022-09-27,149.40164184570312,152.31565000946952,147.6197716771559,150.3664234461509,84442700
2022-09-28,147.51148986816406,148.2990609102626,142.58918963213347,145.34568076864423,146691400
2022-09-29,140.26580810546875,144.43992247032014,138.49377771370817,143.82956228824904,128138200
2022-09-30,136.05235290527344,140.8762153477741,135.85546393289223,139.0844911492741,124925300
2022-10-03,140.23631286621094,140.84668823250414,135.55028904590418,136.06221241134372,114311700
2022-10-04,143.82957458496094,143.94770494729045,142.01815723981503,142.77619544864433,87830100
2022-10-05,144.12489318847656,145.08967450416395,140.7875754267863,141.83111532059078,79471000
2022-10-06,143.16998291015625,145.24719370943012,142.96325476225735,143.54408244476417,68402200
2022-10-07,137.9129638671875,140.87619735207727,137.28291022305208,140.32488726950297,85925600
2022-10-10,138.23782348632812,139.68498038649952,136.41658213054245,138.23782348632812,74899000
2022-10-11,136.8202362060547,139.15341644364526,136.0720520706598,137.72593753469053,77033700
2022-10-12,136.190185546875,138.1787988471096,136.0129899667056,136.96791731761857,70433700
2022-10-13,140.76791381835938,141.35858069211028,132.2818600306571,132.8922353283637,113224000
2022-10-14,136.2295684814453,142.27415178693437,136.04251869325435,142.06740859428484,88598000
2022-10-17,140.1969451904297,140.67932095242676,138.09020149670755,138.87777246163483,85250900
2022-10-18,141.51611328125,144.42026703642762,138.4249097380949,143.22907894720203,99136600
2022-10-19,141.6243896484375,142.69744724205523,139.3010638831592,139.488113651557,61758300
2022-10-20,141.16171264648438,143.62286253921314,140.4332068704366,140.7974672692939,64522000
2022-10-21,144.9813995361328,145.5523880250328,140.43318502707822,140.6497673856839,86548600
2022-10-24,147.1275177001953,147.89539516122247,143.73113431154985,144.90264390563777,75981900
2022-10-25,149.97259521484375,150.12027319083927,147.0389093560302,147.75756076988446,74732300
2022-10-26,147.02906799316406,149.62804110263616,145.73941311718505,148.61404877344168,88194300
2022-10-27,142.54978942871094,146.73374379544853,141.8902031311427,145.76897734753766,109180200
2022-10-28,153.31980895996094,155.05245318778273,145.52288740226115,145.8969719952182,164762400
2022-10-31,150.95706176757812,151.84308459846838,149.55913065750443,150.7798662143987,97943200
2022-11-01,148.30885314941406,153.0342628843062,146.81248516700126,152.6700175890912,80379300
2022-11-02,142.77621459960938,149.80525751264736,142.7466820050657,146.63529551052576,93604600
2022-11-03,136.72181701660156,140.5808986231452,136.5938324027318,139.8523927758634,97918500
2022-11-04,136.45555114746094,140.68588340372804,132.51117923439392,140.11394767074316,140814800
2022-11-07,136.988037109375,137.21483428526327,133.78323487446542,135.2032111952328,83374600
2022-11-08,137.5599822998047,139.4631346891898,135.57794065978277,138.4573305983891,89908500
2022-11-09,132.9943389892578,136.623168532168,132.71823419264956,136.57386087993447,74917800
2022-11-10,144.82745361328125,144.82745361328125,137.55995404597397,139.27576104009148,118854000
2022-11-11,147.61810302734375,147.9237894166263,142.3622261036816,143.79207283535823,93979700
2022-11-14,146.21788024902344,148.19006640295856,145.3796951149665,146.89828687958484,73374100
2022-11-15,147.95338439941406,151.45401749484597,146.49397099909157,150.10307492440734,89868300
2022-11-16,146.72076416015625,147.7857463571914,145.24162472759372,147.05604720027458,64218300
2022-11-17,148.6239471435547,149.3733724520642,144.11749463891493,144.39359949187033,80389400
2022-11-18,149.1859893798828,150.57638399086812,147.88435456599078,150.1918083587428,74829600
2022-11-21,145.9516143798828,148.27879437989566,145.66565404043791,148.07172328326632,58724100
2022-11-22,148.09141540527344,148.32808310350964,144.8866136770819,146.06993712168025,51804100
2022-11-23,148.9690704345703,149.71849566611712,147.26311878314957,147.3715896104273,58301400
2022-11-25,146.05023193359375,146.80952774156987,145.0739944661959,146.24744752036312,35195900
2022-11-28,142.21432495117188,144.6006680593858,141.38601049309779,143.12152865000314,69246000
2022-11-29,139.2067413330078,142.79611910491008,138.39815293017466,142.28334655275705,83763800
2022-11-30,145.97134399414062,146.65175056417294,138.59537264763534,139.43354266054223,111380900
2022-12-01,146.2474365234375,147.05603992895004,144.57108159207246,146.14883626075934,71250400
2022-12-02,145.75439453125,145.94175459663157,143.62443017730817,143.93013162674256,65447400
2022-12-05,144.5908203125,148.82115263004172,143.7427797370437,145.7149657221435,68826400
2022-12-06,140.92254638671875,145.25149381357704,139.94630895435972,145.02469664926164,64727200
2022-12-07,138.97994995117188,141.37614872094412,138.05302012289312,140.21256620226913,69721100
2022-12-08,140.6661834716797,141.52409475387847,139.1377511085993,140.38022307533845,62128300
2022-12-09,140.18299865722656,143.54557973820909,138.94051172185388,140.36048819280174,76097000
2022-12-12,142.4805908203125,142.4904463340837,139.09828382013,140.71547582717935,70462700
2022-12-13,143.44696044921875,147.8843792751259,142.2340701831816,147.4209143273598,93886200
2022-12-14,141.21839904785156,144.6204172233284,139.1969051895986,143.3286376736575,82291200
2022-12-15,134.6017303466797,139.8280276478466,134.13826530952443,139.14762088918934,98931900
2022-12-16,132.6393280029297,135.73565858044236,131.87017687547362,134.7890179835338,160156900
2022-12-19,130.5291290283203,133.31977409731115,129.49374338835526,133.23102933615738,79592600
2022-12-20,130.46009826660156,131.39688354522443,128.0836106828586,129.56275008486864,77432800
2022-12-21,133.56629943847656,134.90738657654524,130.9038512362098,131.13064842267107,85928000
2022-12-22,130.3910675048828,132.68866590052642,128.48791532003168,132.48159480562174,77852100
2022-12-23,130.02621459960938,130.57842423400893,127.83708708710822,129.09928483618836,63814900
2022-12-27,128.22164916992188,129.58246208692498,126.9298699732108,129.55288050582337,69007800
2022-12-28,124.28715515136719,129.20775681904706,124.1195211570346,127.86666981780208,85438400
2022-12-29,127.8075180053711,128.66541412512194,125.95366582047207,126.2100445910704,75703700
2022-12-30,128.12307739257812,128.14280346887438,125.6578520094042,126.6242266189888,77034200
2023-01-03,123.33064270019531,129.07955877586164,122.44315755676651,128.46818597294893,112117500
2023-01-04,124.60271453857422,126.87073149260826,123.3405166774151,125.12534263515172,89113600
2023-01-05,123.28132629394531,125.9930816643783,123.02494756660151,125.3619828345772,80962700
2023-01-06,127.81735229492188,128.47803270861587,123.15313725839339,124.25756397513359,87754700
2023-01-09,128.3399658203125,131.55463782580617,128.08358712122987,128.65552272372005,70790800
2023-01-10,128.91192626953125,129.43455432577363,126.33822308555574,128.44846138243565,63896200
2023-01-11,131.63356018066406,131.65327120715185,128.64569958998982,129.42470644063985,69458900
2023-01-12,131.5546417236328,132.3928115608032,129.61203773839415,132.0181065351313,71379600
2023-01-13,132.8858642578125,133.04364272167805,129.82898551497536,130.1938350469048,57809700
2023-01-17,134.0494842529297,135.38070076927318,132.26465833803292,132.95492042575748,63646600
2023-01-18,133.32962036132812,136.68233001992917,133.15211582478094,134.91723044564642,69672800
2023-01-19,133.38880920410156,134.3551761664197,131.90966964997585,132.21535608370812,58280400
2023-01-20,135.95263671875,136.10055969629155,132.3534032973474,133.3986594670003,80223600
2023-01-23,139.1475830078125,141.32685514540398,135.9822178760608,136.19915953850284,81760300
2023-01-24,140.54782104492188,141.16906439218428,138.34883807200805,138.35869358432294,66435100
2023-01-25,139.8871307373047,140.44919583129123,136.87954456914778,138.93061947978296,65799300
2023-01-26,141.9579620361328,142.2439224000094,139.92659771489312,141.178940100887,54105100
2023-01-27,143.90054321289062,145.18246711281154,141.09018721144076,141.16907645645273,70555800
2023-01-30,141.0113067626953,143.52584706043817,140.863398823187,142.9440557695909,64015300
2023-01-31,142.28334045410156,142.3326481092963,140.301299106578,140.71545632636276,65874500
2023-02-01,143.40748596191406,144.57108343034756,139.35465851027638,141.96779872652098,77663600
2023-02-02,148.7225341796875,149.07751316889315,146.10937904089744,146.82922262442523,118339000
2023-02-03,152.35134887695312,155.1913011660709,145.77411121969988,145.97132678498124,154357300
2023-02-06,149.61988830566406,150.97084596204795,148.68310295478358,150.4482178700856,69858300
2023-02-07,152.499267578125,153.07120329051187,148.54504029445562,148.54504029445562,83322600
2023-02-08,149.80723571777344,152.43024651571073,149.0676660222592,151.73998447588093,64120100
2023-02-09,148.7718505859375,152.1837390894266,148.32811173185976,151.64138491373802,56007100
2023-02-10,149.1372528076172,149.46316214008027,147.3694580195322,147.60648709847575,57450700
2023-02-13,151.94204711914062,152.3469510828992,149.0483754519819,149.07800220373113,62199000
2023-02-14,151.30010986328125,151.86304832604316,148.98913264360064,150.23350151506878,61707600
2023-02-15,153.4036865234375,153.57157647071767,150.98407305919312,151.21121650909475,65573800
2023-02-16,151.80377197265625,154.39127521881363,151.44823591009165,151.60624021713144,68167900
2023-02-17,150.65817260742188,151.10258897284194,148.97925796607987,150.46065589718617,59144100
2023-02-21,146.6386260986328,149.4236611977066,146.56950203742764,148.33729678255915,58867200
2023-02-22,147.0633087158203,148.0904046122651,145.3350111943411,147.02379633351947,51011300
2023-02-23,147.5472412109375,148.47558640924544,145.41403945071286,148.2286867318044,48394200
2023-02-24,144.8905792236328,145.36462227322275,143.91285130614398,145.28561258669828,55469600
2023-02-27,146.08558654785156,147.32008482695682,145.62141398934327,145.87819927591497,44998500
2023-02-28,145.58192443847656,147.23121241896578,145.0091153980784,145.22638831235219,50547000
2023-03-01,143.50791931152344,145.4041064076396,143.21163678129003,145.00907308036537,55479000
2023-03-02,144.1005096435547,144.8905915062189,142.11542689154663,142.58948505088003,52238100
2023-03-03,149.15699768066406,149.23600736765022,145.50288630750634,146.20407279147852,70732300
2023-03-06,151.9222869873047,154.36165661510182,151.55688034550414,151.88277460629178,87558000
2023-03-07,149.7199249267578,152.11978182875635,149.25575246867027,151.79387254523385,56182000
2023-03-08,150.9741973876953,151.5667625921133,149.94710144553787,150.91494388116536,47204800
2023-03-09,148.72244262695312,152.6234533766544,148.3669065925505,151.65561114338573,53833600
2023-03-10,146.6584014892578,149.06814463866203,145.77943928176788,148.3472018339828,68572400
2023-03-13,148.6039581298828,151.2408445051467,145.86830586973156,145.97694231528436,84457100
2023-03-14,150.69766235351562,151.49761478500946,148.23855155589501,149.4039106364519,73695900
2023-03-15,151.09271240234375,151.34948260848185,148.06077752387876,149.31503194180715,77167900
2023-03-16,153.91722106933594,154.5196567133458,149.75942505583248,150.27298045799404,76161100
2023-03-17,153.0777587890625,154.79618550631548,152.3666867039617,154.1443669167137,98944600
2023-03-20,155.447998046875,155.8628026785515,152.23830291826783,153.14690680049927,73641400
2023-03-21,157.30467224121094,157.4231792271752,154.59864719510006,155.3689878125348,73938300
2023-03-22,155.87269592285156,160.12924367096628,155.8529397304782,157.32446713632558,75701800
2023-03-23,156.9590301513672,159.54654859691777,155.72453196517867,156.86027933820688,67622100
2023-03-24,158.26268005371094,158.35156031348998,155.89244937558198,156.88991856429575,59196500
2023-03-27,156.31710815429688,158.77623413977568,155.91218910395636,157.9565254779494,52390300
2023-03-28,155.6949005126953,156.52449472162644,154.04561279409856,156.01093927220384,45992200
2023-03-29,158.7762451171875,159.05277154396305,157.37385679009435,157.39359791374972,51305700
2023-03-30,160.3465118408203,160.45514829132492,159.27003296644855,159.5268031814781,49501700
2023-03-31,162.85494995117188,162.95371580675507,159.9020407456124,160.42546662718493,68749800
2023-04-03,164.1092529296875,164.22775993608965,162.18343872786127,162.23282167038158,56976200
2023-04-04,163.57595825195312,164.77094409936112,163.06240276891677,164.53393008377392,46278300
2023-04-05,161.7291259765625,163.0031364887197,159.7934413430479,162.6969833628771,51511700
2023-04-06,162.6179962158203,162.91427882271006,159.99098020805553,160.41564039126865,45390100
2023-04-10,160.0205841064453,160.0205841064453,158.09477004106023,159.41814841731897,47716900
2023-04-11,158.80584716796875,160.34649846878187,158.51943515436048,160.33662790848967,47644200
2023-04-12,158.1145477294922,160.05023261805474,157.7985089324277,159.22065338009935,50133100
2023-04-13,163.5068359375,163.74386504702863,159.4181779828813,159.62558033741385,68445600
2023-04-14,163.1611785888672,164.2574136863755,161.7884170766324,162.5488571823505,49386500
2023-04-17,163.18089294433594,163.33891231813308,161.99577777997115,163.04262975965267,41516200
2023-04-18,164.40553283691406,165.33387789076258,163.5956947875371,164.04012619342146,49923000
2023-04-19,165.5511474609375,166.0745734796078,163.4870550672227,163.74384033117565,47720200
2023-04-20,164.5832977294922,165.78816920558748,163.50681889136789,164.03024493447634,52456400
2023-04-21,162.9735107421875,164.38576938158798,162.45008473615934,163.00313749199609,58337300
2023-04-24,163.27967834472656,163.54633418620037,161.85753394961128,162.95376899838274,41949600
2023-04-25,161.73899841308594,164.24749178401862,161.69948603710247,163.1413863693782,48714100
2023-04-26,161.7291259765625,163.23027992570658,160.78103984940847,161.03781003602157,45498800
2023-04-27,166.32147216796875,166.4696059197472,163.14140369362494,163.14140369362494,64902300
2023-04-28,167.5757293701172,167.74363439949644,165.79806388046575,166.40049965137717,55275900
2023-05-01,167.48684692382812,168.33618234272492,166.54863124552048,167.180693761707,52472900
2023-05-02,166.44984436035156,168.237410301642,165.46224586153255,167.98062504743248,48425700
2023-05-03,165.3733673095703,168.80033534118735,165.08697037258037,167.3979472668269,65136000
2023-05-04,163.7339630126953,164.96846124572582,162.27232132426357,162.84513031273676,81235400
2023-05-05,171.41748046875,172.13842316096267,168.64231599957478,168.85958887715515,113453200
2023-05-08,171.34835815429688,171.69402369424722,169.9755966946327,170.34100335662225,55962800
2023-05-09,169.63983154296875,171.38787037771158,169.4719415736773,170.90395666315388,45326900
2023-05-10,171.40760803222656,171.87178057282452,169.76819076413835,170.87431142683658,53724500
2023-05-11,171.5952606201172,172.4248398461332,170.0348529885771,171.69402651016821,49514700
2023-05-12,170.66558837890625,172.1391356306641,169.11290707639245,171.70398889389847,45533100
2023-05-15,170.17112731933594,171.29854623618587,169.57774258819362,171.2490949935239,37266700
2023-05-16,170.17112731933594,171.229311478379,169.90410268128184,170.0920083491569,42110300
2023-05-17,170.7843017578125,171.02164360752573,168.53934785672587,169.81512066054435,57951600
2023-05-18,173.11825561523438,173.30616130301183,170.6755118549318,171.09087517456516,65496700
2023-05-19,173.22703552246094,174.44345770293714,173.00946211256743,174.44345770293714,55809500
2023-05-22,172.27761840820312,172.781999977239,171.5358950094103,172.0600450039918,43570900
2023-05-23,169.66676330566406,171.46668610985583,169.3898544266195,171.2194449613945,50747300
2023-05-24,169.9436798095703,170.51728111058472,168.63825433413288,169.2019563309073,45143500
2023-05-25,171.0809783935547,171.98092464144923,169.7953214946183,170.50737715893996,56058300
2023-05-26,173.4940643310547,173.83032378662378,171.1996741500605,171.40736336995897,54835000
2023-05-30,175.34341430664062,177.01476677794446,174.6214744245607,175.00716998790764,55964400
2023-05-31,175.29397583007812,177.37080753192686,174.80937774220615,175.37309480914308,99625300
2023-06-01,178.1026153564453,178.13228308457525,174.97748387661747,175.73899077622127,68901800
2023-06-02,178.953125,179.77396735384346,177.28177256425622,179.03224397161875,61996900
2023-06-05,177.5982666015625,182.90900173212887,176.07525265044882,180.61461168229852,121946500
2023-06-06,177.23236083984375,178.1323071989488,175.47198988688834,177.98396853821802,64848400
2023-06-07,175.85768127441406,179.21027045240393,175.36319900574063,176.47083445864072,61944600
2023-06-08,178.5773468017578,178.84435638126445,175.50166626223591,175.93679801452896,50214900
2023-06-09,178.9630584716797,180.21903277362324,178.636698310342,179.4970927690662,48900000
2023-06-12,181.76181030273438,181.86071280602803,178.97293777661235,179.26963019609002,54274900
2023-06-13,181.28707885742188,182.11780541012092,180.42668457715504,180.782712398369,54929100
2023-06-14,181.9200439453125,182.35519080481038,180.0113494184458,181.3464426387383,57462900
2023-06-15,183.95729064941406,184.46167222814515,181.75190392659053,181.92992539273135,65433200
2023-06-16,182.8793182373047,184.9264820484004,182.2364973319158,184.669341613924,101256200
2023-06-20,182.96832275390625,184.0463055632048,182.37495308855412,182.37495308855412,49799100
2023-06-21,181.92996215820312,183.36395802847684,180.57507018842057,182.85957634781735,49515700
2023-06-22,184.93637084960938,184.98582209518955,181.64311708726814,181.7123518491607,51245300
2023-06-23,184.6199188232422,185.49021256870566,182.968349622031,183.50239899871212,53117000
2023-06-26,183.22547912597656,185.97479955864205,183.18591209060443,184.76826151663462,48088700
2023-06-27,185.98468017578125,186.31104030447904,183.62105538648717,183.83862880561904,50730800
2023-06-28,187.1615447998047,187.80436573389431,185.5297592960992,185.8561043245189,51216800
2023-06-29,187.49778747558594,187.9725013298976,186.85496654717443,186.9934209820816,46347300
2023-06-30,191.8294677734375,192.3338342950544,189.14936702429083,189.51529419368583,85213200
2023-07-03,190.3361358642578,191.74046380244184,189.64384856353968,191.64156130508144,31458200
2023-07-05,189.21859741210938,190.8503829545932,188.51642591121868,189.45595434700246,46920300
2023-07-06,189.69329833984375,189.90098754652763,187.1121001189567,187.74503686210437,45094300
2023-07-07,188.57574462890625,190.5437894270152,188.140612922507,189.29769958287028,46815000
2023-07-10,186.5286407470703,187.89341692109258,184.97595885744735,187.17146179374214,59922200
2023-07-11,186.00445556640625,187.21099353236755,184.54079224834234,187.07253909809666,46638100
2023-07-12,187.6758270263672,189.5845215693785,186.39016995526782,187.5868087386057,60750200
2023-07-13,188.43731689453125,189.08015296828228,187.68570919657313,188.39776494849258,41342300
2023-07-14,188.58567810058594,189.07026113812964,187.53737794948708,188.13074770594125,41616200
2023-07-17,191.84921264648438,192.17557271487445,189.69326237086494,189.78226554668058,50520200
2023-07-18,191.59210205078125,192.18548682934457,190.2965608776665,191.21630577539946,48288200
2023-07-19,192.94699096679688,196.04243976648678,190.5240157315845,190.9690618542327,80507300
2023-07-20,190.9987335205078,194.3018715848771,190.3756810082794,192.9370956401489,59581200
2023-07-21,189.82188415527344,192.8184459451999,189.11971258876892,191.95805149771712,71951700
2023-07-24,190.6229248046875,192.759091941705,190.1284425094743,191.27564505606543,45377800
2023-07-25,191.4833221435547,192.29428036369316,190.79104993758423,191.19652904765346,37283200
2023-07-26,192.35360717773438,193.48102617402893,191.18663623876353,191.53276478098633,47471900
2023-07-27,191.08773803710938,195.02381285425056,190.42513357699178,193.85684188907683,47460200
2023-07-28,193.66891479492188,194.46008939236802,191.99756241904697,192.52171238314497,48291400
2023-07-31,194.2821044921875,194.3216715292241,193.10523413200033,193.89640887829788,38824100
2023-08-01,193.45135498046875,194.55899044039094,193.12499487022708,194.07440747187567,35175100
2023-08-02,190.45480346679688,193.026102358892,189.73286353794578,192.88764791924382,50389300
2023-08-03,189.0603485107422,190.2471029357017,188.58564975883863,189.4559433793295,61235200
2023-08-04,179.98165893554688,185.31217710978225,179.9124241755589,183.47270249377223,115956800
2023-08-07,176.87632751464844,181.10909486166798,175.39288059142936,180.1201302461886,97576100
2023-08-08,177.81582641601562,178.28064095471063,175.6203239410226,177.70703971354655,67823000
2023-08-09,176.2235870361328,178.93334011391454,175.0566010766963,178.8740046582552,60378500
2023-08-10,176.0060272216797,178.7553475423464,175.64011515660735,177.49935830249015,54686900
2023-08-11,176.06544494628906,176.88739582771854,174.83748251539495,175.60001780962375,52036700
2023-08-14,177.71925354003906,177.94701832041608,175.5900993670502,176.2437010263368,43675600
2023-08-15,175.72874450683594,177.73905244130324,175.3326305229056,177.1448814654077,43622600
2023-08-16,174.85728454589844,176.80816171418965,174.78795629022963,175.4118501481314,46964900
2023-08-17,172.31222534179688,175.78817341312092,171.7972650350441,175.42176719468313,66062900
2023-08-18,172.7974853515625,173.4015690710498,170.29202708322546,170.62872552076746,61172200
2023-08-21,174.13433837890625,174.4215338244587,172.05471756473415,173.3718183024321,46311900
2023-08-22,175.51087951660156,175.95651153189084,174.54038966607246,175.34253031574917,42038900
2023-08-23,179.36312866210938,179.78896551377315,176.60019834939993,176.78835776449938,52722800
2023-08-24,174.6691436767578,179.34336155038372,174.30272234931607,178.91752463221655,54945800
2023-08-25,176.87747192382812,177.41222723977137,174.1145417550287,175.65940723528453,51449600
2023-08-28,178.44216918945312,178.83828316683332,176.8180777049469,178.34313313971825,43820700
2023-08-29,182.3340301513672,183.10646293821267,177.75884901223952,177.9569059889832,53003900
2023-08-30,185.82980346679688,186.027875570887,182.9480417259573,183.14609871926743,60813900
2023-08-31,186.04766845703125,187.28554353881972,185.66145203594442,186.0179606639307,60794500
2023-09-01,187.62222290039062,188.0777523855515,186.45366117824025,187.65193068808472,45766500
2023-09-05,187.8599090576172,188.13719185182467,185.79018566129048,186.45368485534252,45280000
2023-09-06,181.1357879638672,187.01817274976997,179.70975345688714,186.57252563325392,81755800
2023-09-07,175.83770751953125,176.48141173952183,171.85669633904286,173.48078812195723,112488800
2023-09-08,176.45164489746094,178.49167556913386,176.06542850593996,176.6200091931817,65551300
2023-09-11,177.62020874023438,178.5510931586707,175.61979850768685,178.32332838951461,58953100
2023-09-12,174.5898895263672,178.38274026371693,173.12424978673155,177.7489488808384,90370200
2023-09-13,172.5201873779297,175.58021106580875,172.29240747476095,174.7978655233742,84267900
2023-09-14,174.0353546142578,174.39186327435525,171.89630265367322,172.31222690532334,60895800
2023-09-15,173.31239318847656,174.78794559113751,172.1339489112559,174.76813536061914,109259500
2023-09-18,176.2436981201172,177.64002479353724,174.46115503817452,174.76814563074643,67257600
2023-09-19,177.33303833007812,177.88760394386657,175.4118538031827,175.7980702206982,51826900
2023-09-20,173.7877655029297,177.95692035427507,173.69862701203755,177.52118590379774,58436200
2023-09-21,172.2428741455078,174.5898954535224,172.17356100214752,172.856870429388,63149100
2023-09-22,173.0945587158203,175.36235454947433,172.36174626663464,172.97572753179696,56725400
2023-09-25,174.3720245361328,175.25339092524624,172.46073769252675,172.51025571431984,46172700
2023-09-26,170.2920379638672,173.50060110909212,169.99494486614344,173.12429728870586,64588900
2023-09-27,168.77682495117188,171.36150860467507,167.41022120055555,170.94558441007192,66921800
2023-09-28,169.03431701660156,170.36131544966938,165.99408862675534,167.69740591218968,56294400
2023-09-29,169.54925537109375,171.3912138204146,168.6876841683166,170.35139588582132,51861100
2023-10-02,172.06463623046875,172.6093042881744,169.2719827950215,169.55917827580257,52164500
2023-10-03,170.7277374267578,171.94581747397606,169.1630765091389,170.589096012129,49594600
2023-10-04,171.9755096435547,172.5201776911012,169.31160010164683,169.43043127173715,53020300
2023-10-05,173.21337890625,173.74813426454526,171.00499899742474,172.10423261632292,48527900
2023-10-06,175.7683868408203,176.2635369377298,171.50018031240361,172.11417670790303,57266700
2023-10-09,177.2538299560547,177.31324554755352,174.0947700479303,175.0949677633166,42390800
2023-10-10,176.65963745117188,177.97673842144718,176.2239029815132,176.37245706568626,43698000
2023-10-11,178.05596923828125,178.10548726772782,175.87731193966172,176.4714829606774,47551100
2023-10-12,178.95712280273438,180.57130155585352,177.30330847610173,178.3233313959954,56743100
2023-10-13,177.11517333984375,180.1652842541005,176.41205364228972,179.6602366589199,51427100
2023-10-16,176.98641967773438,177.34292828713865,174.79784999846225,175.0355274416581,52517000
2023-10-17,175.43165588378906,176.6893412361662,173.1044597256959,174.93650583601004,57549400
2023-10-18,174.13433837890625,175.85746571988707,173.41142365141627,173.87686583356435,54764400
2023-10-19,173.758056640625,176.11496052795673,173.4906713911534,174.33241738277906,59302900
2023-10-20,171.2030792236328,173.71843472751576,170.96540176933075,173.60950111647477,64244000
2023-10-23,171.3219451904297,172.32214301437642,168.28171613531973,169.25222127107537,55980100
2023-10-24,171.75762939453125,171.985394156852,169.7869270122857,171.3714130102576,43816600
2023-10-25,169.44033813476562,171.38131769667615,168.99469104064445,170.21277093543313,57157000
2023-10-26,165.27117919921875,169.71763198356828,164.06301189675906,168.71741923518283,70625300
2023-10-27,166.58827209472656,167.32109955610002,165.21175565878588,165.29098147440297,58499100
2023-10-30,168.63819885253906,169.50966778359705,167.23197451155576,167.3805285943209,51131000
2023-10-31,169.11355590820312,169.24228464861295,166.27138428536674,167.70733154956028,44846000
2023-11-01,172.28248596191406,172.53995851269775,168.4698250558493,169.34129385969914,56934900
2023-11-02,175.84759521484375,176.05554977286621,173.75806140886317,173.8174769968696,77334800
2023-11-03,174.93649291992188,175.10485722122255,171.66851493448934,172.5498813500308,79829200
2023-11-06,177.49148559570312,177.68954259678722,174.50079012453784,174.66913933099835,63841300
2023-11-07,180.05638122558594,180.67036248552094,177.23401974281032,177.4419743130807,70530000
2023-11-08,181.11599731445312,181.67056299140017,179.82860407252238,180.581241871906,49340300
2023-11-09,180.64064025878906,182.3340449245472,180.04645416963677,181.18530832204868,53763500
2023-11-10,184.83511352539062,185.00369964258533,181.989212824357,182.42552132152326,66133400
2023-11-13,183.24853515625,184.46820459130328,182.66349206706928,184.25997609615754,43627500
2023-11-14,185.8664093017578,186.53078271340215,184.7359804157126,186.1242211071054,60108400
2023-11-15,186.43161010742188,187.90910668353808,186.20354524355434,186.2729648412074,53790500
2023-11-16,188.11732482910156,189.356830641734,187.06621119021287,187.9785007833142,54412900
2023-11-17,188.09750366210938,188.78171334674664,186.98691120628507,188.65279989002153,50922700
2023-11-20,189.84271240234375,190.29885721130628,188.28590092727276,188.29581152699646,46505100
2023-11-21,189.0395050048828,189.91212191624118,188.1470668951287,189.80304480232138,38134500
2023-11-22,189.70388793945312,191.31028267101584,189.22792193208022,189.88238464889707,39617700
2023-11-24,188.3751678466797,189.29735306155973,187.66121116968733,189.26760612757576,24048300
2023-11-27,188.19667053222656,189.06928760823715,187.31414285514808,188.3255839995523,40552600
2023-11-28,188.80154418945312,189.47584330827428,187.80993940877178,188.18675406725092,38415400
2023-11-29,187.78018188476562,190.47734794655034,187.3835460471391,189.2973359031836,43014200
2023-11-30,188.3553009033203,188.72220491397636,186.61008216023393,188.24622378620953,48794400
2023-12-01,189.63449096679688,189.95179660734362,187.64135580786584,188.73212704562349,45704800
2023-12-04,187.83969116210938,188.454496430777,185.8763178825686,188.3850768316175,43389500
2023-12-05,191.7961883544922,192.76795676998717,188.58338352707358,188.61314558971708,66628400
2023-12-06,190.7054443359375,193.12494736273675,190.4972006683192,192.81755229252437,41089700
2023-12-07,192.6390380859375,193.3629052381858,191.96473906125271,192.0044117201268,47477700
2023-12-08,194.0669708251953,194.34461894265894,192.04408867717459,192.56963798027982,53406400
2023-12-11,191.55819702148438,191.8656072016425,189.81297812056516,191.48879255742054,60943700
2023-12-12,193.07537841796875,193.08528901898003,190.1104746012234,191.45905774250062,52696900
2023-12-13,196.29808044433594,196.33773797632358,193.214189106248,193.45216455954898,70404200
2023-12-14,196.44679260253906,197.94411013724948,194.51316661249956,196.35755181777242,66831600
2023-12-15,195.91134643554688,196.734365015635,195.34612449787411,195.87167377464695,128538400
2023-12-18,194.24545288085938,194.97924583916173,192.75804576345098,194.4437708037096,55751900
2023-12-19,195.28665161132812,195.2965622122741,194.24546354583867,194.51320107826476,40714100
2023-12-20,193.19435119628906,196.0204155959587,193.19435119628906,195.24696511767544,52242800
2023-12-21,193.04559326171875,195.42545358966169,191.875506993429,194.45368523269553,46482500
2023-12-22,191.97467041015625,193.7694724442452,191.34995462543642,193.54139247575878,37149600
2023-12-26,191.42929077148438,192.262235089905,191.21113652656177,191.98458698376479,28919300
2023-12-27,191.52847290039062,191.87554065410794,189.48576930710215,190.87402519128196,48087700
2023-12-28,191.95484924316406,193.0257841884141,191.5482876644632,192.51014548202977,34049900
2023-12-29,190.9136505126953,192.76794644853246,190.1203637314106,192.27214410156537,42672100
